raw_received_timestamp_ms,feature_extraction_timestamp_ms,model_prediction_timestamp_ms,pair_seq,predicted_activity,risk_status,alert_triggered,risky_counter,sensor1_neutral_ax,sensor1_neutral_ay,sensor1_neutral_az,sensor2_neutral_ax,sensor2_neutral_ay,sensor2_neutral_az
0,1,4,150,sitting,Safe,No,0,,,,,,
326,326,327,162,sitting,Safe,No,0,,,,,,
742,742,743,174,sitting,Safe,No,0,,,,,,
1079,1079,1080,186,sitting,Safe,No,0,,,,,,
1304,1304,1305,198,walking,Safe,No,0,,,,,,
1563,1563,1564,210,walking,Safe,No,0,,,,,,
1889,1889,1890,222,walking,Safe,No,0,,,,,,
2170,2171,2171,234,elbow_flexion,Risky,No,1,,,,,,
2565,2565,2565,246,elbow_flexion,Risky,No,2,,,,,,
2756,2756,2756,258,sitting,Safe,No,0,,,,,,
3059,3059,3060,270,sitting,Safe,No,0,,,,,,
3476,3476,3477,282,sitting,Safe,No,0,,,,,,
3734,3734,3735,294,sitting,Safe,No,0,,,,,,
4094,4094,4095,306,sitting,Safe,No,0,,,,,,
4376,4376,4377,318,sitting,Safe,No,0,,,,,,
4679,4679,4680,330,sitting,Safe,No,0,,,,,,
4983,4983,4984,342,sitting,Safe,No,0,,,,,,
5287,5287,5287,354,sitting,Safe,No,0,,,,,,
5770,5771,5771,366,sitting,Safe,No,0,,,,,,
5950,5951,5951,378,sitting,Safe,No,0,,,,,,
6187,6187,6187,390,sitting,Safe,No,0,,,,,,
6535,6536,6536,402,sitting,Safe,No,0,,,,,,
6806,6806,6806,414,sitting,Safe,No,0,,,,,,
7098,7098,7099,426,sitting,Safe,No,0,,,,,,
7278,7278,7279,438,sitting,Safe,No,0,,,,,,
7548,7548,7549,450,sitting,Safe,No,0,,,,,,
7919,7919,7920,462,sitting,Safe,No,0,,,,,,
8234,8234,8235,474,sitting,Safe,No,0,,,,,,
8943,8943,8944,486,sitting,Safe,No,0,,,,,,
9798,9798,9799,498,pronation,Safe,No,0,,,,,,
10676,10676,10676,510,pronation,Safe,No,0,,,,,,
11114,11114,11115,522,pronation,Safe,No,0,,,,,,
11575,11575,11576,534,pronation,Safe,No,0,,,,,,
12340,12340,12341,546,pronation,Safe,No,0,,,,,,
12903,12903,12904,558,pronation,Safe,No,0,,,,,,
14174,14174,14175,570,pronation,Safe,No,0,,,,,,
14691,14692,14692,582,pronation,Safe,No,0,,,,,,
14973,14973,14974,594,pronation,Safe,No,0,,,,,,
15311,15311,15311,606,pronation,Safe,No,0,,,,,,
15535,15536,15536,618,pronation,Safe,No,0,,,,,,
15749,15749,15750,630,pronation,Safe,No,0,,,,,,
16131,16132,16132,642,pronation,Safe,No,0,,,,,,
16390,16390,16391,654,pronation,Safe,No,0,,,,,,
16750,16751,16751,666,elbow_flexion,Risky,No,1,,,,,,
16942,16942,16943,678,elbow_flexion,Risky,No,2,,,,,,
17200,17200,17201,690,elbow_flexion,Risky,Yes,3,,,,,,
17504,17504,17505,702,elbow_flexion,Risky,Yes,4,,,,,,
17778,17778,17779,714,elbow_flexion,Risky,Yes,5,,,,,,
18067,18067,18068,726,elbow_flexion,Risky,Yes,6,,,,,,
18415,18416,18416,738,elbow_flexion,Risky,Yes,7,,,,,,
18696,18696,18697,750,elbow_flexion,Risky,Yes,8,,,,,,
19090,19091,19091,762,elbow_flexion,Risky,Yes,9,,,,,,
19394,19394,19395,774,sitting,Safe,No,0,,,,,,
19686,19687,19687,786,sitting,Safe,No,0,,,,,,
19934,19934,19935,798,sitting,Safe,No,0,,,,,,
20148,20148,20149,810,sitting,Safe,No,0,,,,,,
20463,20463,20464,822,elbow_flexion,Risky,No,1,,,,,,
20744,20744,20745,834,elbow_flexion,Risky,No,2,,,,,,
21127,21127,21128,846,elbow_flexion,Risky,Yes,3,,,,,,
21442,21442,21443,858,elbow_flexion,Risky,Yes,4,,,,,,
21847,21847,21847,870,elbow_flexion,Risky,Yes,5,,,,,,
22510,22511,22511,882,sitting,Safe,No,0,,,,,,
22983,22983,22983,894,elbow_flexion,Risky,No,1,,,,,,
23624,23624,23625,906,elbow_flexion,Risky,No,2,,,,,,
24074,24074,24075,918,elbow_flexion,Risky,Yes,3,,,,,,
24411,24411,24412,930,elbow_flexion,Risky,Yes,4,,,,,,
24839,24839,24840,942,elbow_flexion,Risky,Yes,5,,,,,,
25154,25154,25155,954,elbow_flexion,Risky,Yes,6,,,,,,
25570,25570,25571,966,sitting,Safe,No,0,,,,,,
26110,26110,26111,978,sitting,Safe,No,0,,,,,,
27078,27078,27079,990,sitting,Safe,No,0,,,,,,
28844,28844,28845,1002,sitting,Safe,No,0,,,,,,
29834,29834,29835,1014,sitting,Safe,No,0,,,,,,
30576,30577,30577,1026,sitting,Safe,No,0,,,,,,
30824,30824,30825,1038,sitting,Safe,No,0,,,,,,
31071,31071,31072,1050,sitting,Safe,No,0,,,,,,
31443,31443,31444,1062,sitting,Safe,No,0,,,,,,
31690,31690,31691,1074,sitting,Safe,No,0,,,,,,
32050,32050,32051,1086,sitting,Safe,No,0,,,,,,
32343,32343,32344,1098,sitting,Safe,No,0,,,,,,
32748,32748,32749,1110,sitting,Safe,No,0,,,,,,
33231,33232,33232,1122,sitting,Safe,No,0,,,,,,
33479,33480,33480,1134,sitting,Safe,No,0,,,,,,
34019,34019,34020,1146,sitting,Safe,No,0,,,,,,
34503,34503,34504,1158,sitting,Safe,No,0,,,,,,
34840,34840,34841,1170,sitting,Safe,No,0,,,,,,
35301,35302,35302,1182,sitting,Safe,No,0,,,,,,
35718,35718,35718,1194,sitting,Safe,No,0,,,,,,
36258,36258,36259,1206,sitting,Safe,No,0,,,,,,
36663,36663,36664,1218,sitting,Safe,No,0,,,,,,
37000,37000,37001,1230,sitting,Safe,No,0,,,,,,
37563,37563,37564,1242,elbow_flexion,Risky,No,1,,,,,,
37799,37799,37799,1254,elbow_flexion,Risky,No,2,,,,,,
38305,38305,38306,1266,elbow_flexion,Risky,Yes,3,,,,,,
38573,38574,38574,1278,elbow_flexion,Risky,Yes,4,,,,,,
38855,38856,38856,1290,elbow_flexion,Risky,Yes,5,,,,,,
39171,39171,39172,1302,elbow_flexion,Risky,Yes,6,,,,,,
39446,39446,39447,1314,elbow_flexion,Risky,Yes,7,,,,,,
39959,39959,39960,1326,elbow_flexion,Risky,Yes,8,,,,,,
40225,40225,40226,1338,sitting,Safe,No,0,,,,,,
40533,40533,40533,1350,elbow_flexion,Risky,No,1,,,,,,
41050,41050,41051,1362,sitting,Safe,No,0,,,,,,
41275,41275,41276,1374,sitting,Safe,No,0,,,,,,
41635,41635,41636,1386,sitting,Safe,No,0,,,,,,
41849,41849,41850,1398,sitting,Safe,No,0,,,,,,
42051,42051,42052,1410,sitting,Safe,No,0,,,,,,
42333,42333,42334,1422,sitting,Safe,No,0,,,,,,
42524,42524,42525,1434,sitting,Safe,No,0,,,,,,
42839,42839,42839,1446,sitting,Safe,No,0,,,,,,
43052,43053,43053,1458,sitting,Safe,No,0,,,,,,
43289,43289,43289,1470,sitting,Safe,No,0,,,,,,
43559,43559,43560,1482,sitting,Safe,No,0,,,,,,
43885,43885,43886,1494,sitting,Safe,No,0,,,,,,
44526,44526,44527,1506,sitting,Safe,No,0,,,,,,
44762,44763,44763,1518,sitting,Safe,No,0,,,,,,
45145,45145,45146,1530,sitting,Safe,No,0,,,,,,
45584,45584,45584,1542,sitting,Safe,No,0,,,,,,
45854,45854,45855,1554,sitting,Safe,No,0,,,,,,
46169,46169,46170,1566,sitting,Safe,No,0,,,,,,
46439,46439,46440,1578,sitting,Safe,No,0,,,,,,
46810,46810,46811,1590,sitting,Safe,No,0,,,,,,
47181,47181,47182,1602,sitting,Safe,No,0,,,,,,
47474,47474,47475,1614,sitting,Safe,No,0,,,,,,
47924,47924,47925,1626,sitting,Safe,No,0,,,,,,
48216,48217,48217,1638,sitting,Safe,No,0,,,,,,
48509,48509,48509,1650,sitting,Safe,No,0,,,,,,
48947,48948,48948,1662,sitting,Safe,No,0,,,,,,
49285,49285,49286,1674,sitting,Safe,No,0,,,,,,
49892,49893,49893,1686,sitting,Safe,No,0,,,,,,
50151,50151,50152,1698,sitting,Safe,No,0,,,,,,
51018,51018,51018,1710,sitting,Safe,No,0,,,,,,
51782,51782,51783,1722,sitting,Safe,No,0,,,,,,
52131,52132,52132,1734,sitting,Safe,No,0,,,,,,
52559,52559,52560,1746,sitting,Safe,No,0,,,,,,
52885,52885,52886,1758,sitting,Safe,No,0,,,,,,
53313,53313,53313,1770,sitting,Safe,No,0,,,,,,
53920,53920,53921,1782,sitting,Safe,No,0,,,,,,
54235,54235,54236,1794,sitting,Safe,No,0,,,,,,
54651,54652,54652,1806,sitting,Safe,No,0,,,,,,
55011,55011,55012,1818,sitting,Safe,No,0,,,,,,
55360,55360,55361,1830,sitting,Safe,No,0,,,,,,
55832,55833,55833,1842,sitting,Safe,No,0,,,,,,
56113,56114,56114,1854,sitting,Safe,No,0,,,,,,
56620,56620,56621,1866,sitting,Safe,No,0,,,,,,
56957,56958,56958,1878,sitting,Safe,No,0,,,,,,
57284,57284,57284,1890,sitting,Safe,No,0,,,,,,
57643,57644,57644,1902,sitting,Safe,No,0,,,,,,
57959,57959,57959,1914,sitting,Safe,No,0,,,,,,
58274,58274,58274,1926,sitting,Safe,No,0,,,,,,
58498,58499,58499,1938,sitting,Safe,No,0,,,,,,
58780,58780,58781,1950,sitting,Safe,No,0,,,,,,
59263,59263,59264,1962,sitting,Safe,No,0,,,,,,
59444,59444,59445,1974,sitting,Safe,No,0,,,,,,
59961,59961,59962,1986,sitting,Safe,No,0,,,,,,
60208,60209,60209,1998,sitting,Safe,No,0,,,,,,
60591,60591,60592,2010,sitting,Safe,No,0,,,,,,
61019,61019,61019,2022,sitting,Safe,No,0,,,,,,
61255,61255,61256,2034,sitting,Safe,No,0,,,,,,
61851,61851,61852,2046,sitting,Safe,No,0,,,,,,
62087,62088,62088,2058,sitting,Safe,No,0,,,,,,
62414,62414,62414,2070,sitting,Safe,No,0,,,,,,
63280,63280,63280,2082,sitting,Safe,No,0,,,,,,
63628,63629,63629,2094,sitting,Safe,No,0,,,,,,
64135,64135,64136,2106,sitting,Safe,No,0,,,,,,
64439,64439,64440,2118,sitting,Safe,No,0,,,,,,
64843,64844,64844,2130,sitting,Safe,No,0,,,,,,
65710,65710,65711,2142,sitting,Safe,No,0,,,,,,
66407,66407,66408,2154,sitting,Safe,No,0,,,,,,
67150,67150,67151,2166,sitting,Safe,No,0,,,,,,
67577,67577,67578,2178,sitting,Safe,No,0,,,,,,
67971,67971,67972,2190,sitting,Safe,No,0,,,,,,
68905,68905,68906,2202,sitting,Safe,No,0,,,,,,
69411,69411,69412,2214,sitting,Safe,No,0,,,,,,
69940,69940,69940,2226,sitting,Safe,No,0,,,,,,
70244,70244,70245,2238,sitting,Safe,No,0,,,,,,
70536,70536,70537,2250,sitting,Safe,No,0,,,,,,
71784,71785,71785,2262,sitting,Safe,No,0,,,,,,
72167,72167,72168,2274,sitting,Safe,No,0,,,,,,
72617,72617,72618,2286,sitting,Safe,No,0,,,,,,
73044,73045,73045,2298,sitting,Safe,No,0,,,,,,
73472,73472,73473,2310,sitting,Safe,No,0,,,,,,
74237,74237,74238,2322,sitting,Safe,No,0,,,,,,
74665,74665,74665,2334,sitting,Safe,No,0,,,,,,
75272,75272,75273,2346,sitting,Safe,No,0,,,,,,
75643,75644,75644,2358,sitting,Safe,No,0,,,,,,
75913,75914,75914,2370,sitting,Safe,No,0,,,,,,
76318,76318,76319,2382,sitting,Safe,No,0,,,,,,
76476,76476,76477,2394,sitting,Safe,No,0,,,,,,
76779,76780,76780,2406,sitting,Safe,No,0,,,,,,
76937,76937,76938,2418,sitting,Safe,No,0,,,,,,
77106,77106,77107,2430,sitting,Safe,No,0,,,,,,
77398,77398,77399,2442,sitting,Safe,No,0,,,,,,
77567,77567,77568,2454,sitting,Safe,No,0,,,,,,
77803,77803,77804,2466,sitting,Safe,No,0,,,,,,
77995,77995,77995,2478,sitting,Safe,No,0,,,,,,
78197,78197,78198,2490,sitting,Safe,No,0,,,,,,
78501,78501,78502,2502,sitting,Safe,No,0,,,,,,
78737,78737,78738,2514,sitting,Safe,No,0,,,,,,
78996,78996,78997,2526,sitting,Safe,No,0,,,,,,
79198,79198,79199,2538,sitting,Safe,No,0,,,,,,
79356,79356,79357,2550,sitting,Safe,No,0,,,,,,
79648,79649,79650,2562,sitting,Safe,No,0,,,,,,
79817,79817,79818,2574,sitting,Safe,No,0,,,,,,
80098,80099,80099,2586,sitting,Safe,No,0,,,,,,
80301,80301,80301,2598,sitting,Safe,No,0,,,,,,
80469,80470,80470,2610,sitting,Safe,No,0,,,,,,
80773,80773,80774,2622,sitting,Safe,No,0,,,,,,
80976,80976,80976,2634,sitting,Safe,No,0,,,,,,
81358,81359,81359,2646,sitting,Safe,No,0,,,,,,
81595,81595,81595,2658,sitting,Safe,No,0,,,,,,
81909,81910,81910,2670,sitting,Safe,No,0,,,,,,
82416,82416,82417,2682,sitting,Safe,No,0,,,,,,
82720,82720,82720,2694,sitting,Safe,No,0,,,,,,
83316,83316,83316,2706,sitting,Safe,No,0,,,,,,
83698,83698,83699,2718,sitting,Safe,No,0,,,,,,
84092,84092,84093,2730,sitting,Safe,No,0,,,,,,
84632,84632,84633,2742,sitting,Safe,No,0,,,,,,
85161,85161,85162,2754,sitting,Safe,No,0,,,,,,
85993,85993,85994,2766,sitting,Safe,No,0,,,,,,
86443,86443,86444,2778,sitting,Safe,No,0,,,,,,
86769,86769,86770,2790,sitting,Safe,No,0,,,,,,
87613,87613,87614,2802,sitting,Safe,No,0,,,,,,
88311,88311,88311,2814,sitting,Safe,No,0,,,,,,
89188,89188,89189,2826,sitting,Safe,No,0,,,,,,
89627,89627,89628,2838,sitting,Safe,No,0,,,,,,
90021,90021,90022,2850,sitting,Safe,No,0,,,,,,
90437,90437,90438,2862,sitting,Safe,No,0,,,,,,
90785,90786,90787,2874,sitting,Safe,No,0,,,,,,
91224,91225,91225,2886,sitting,Safe,No,0,,,,,,
91573,91573,91574,2898,sitting,Safe,No,0,,,,,,
92034,92034,92035,2910,sitting,Safe,No,0,,,,,,
92507,92507,92508,2922,sitting,Safe,No,0,,,,,,
92732,92732,92733,2934,sitting,Safe,No,0,,,,,,
93114,93115,93115,2946,sitting,Safe,No,0,,,,,,
93463,93463,93464,2958,sitting,Safe,No,0,,,,,,
93744,93745,93745,2970,sitting,Safe,No,0,,,,,,
94149,94149,94150,2982,sitting,Safe,No,0,,,,,,
94565,94566,94566,2994,sitting,Safe,No,0,,,,,,
95522,95522,95523,3006,sitting,Safe,No,0,,,,,,
96017,96017,96018,3018,sitting,Safe,No,0,,,,,,
96354,96354,96355,3030,sitting,Safe,No,0,,,,,,
96861,96861,96861,3042,sitting,Safe,No,0,,,,,,
97153,97153,97154,3054,sitting,Safe,No,0,,,,,,
97535,97536,97536,3066,sitting,Safe,No,0,,,,,,
97806,97806,97806,3078,sitting,Safe,No,0,,,,,,
98143,98143,98144,3090,shoulder_adduction,Risky,No,1,,,,,,
98683,98683,98684,3102,sitting,Safe,No,0,,,,,,
98976,98976,98976,3114,shoulder_adduction,Risky,No,1,,,,,,
99302,99302,99302,3126,sitting,Safe,No,0,,,,,,
99572,99572,99572,3138,sitting,Safe,No,0,,,,,,
99808,99808,99809,3150,sitting,Safe,No,0,,,,,,
100258,100258,100259,3162,sitting,Safe,No,0,,,,,,
100505,100506,100506,3174,sitting,Safe,No,0,,,,,,
100832,100832,100833,3186,sitting,Safe,No,0,,,,,,
101169,101169,101170,3198,sitting,Safe,No,0,,,,,,
101372,101372,101373,3210,sitting,Safe,No,0,,,,,,
101766,101766,101766,3222,sitting,Safe,No,0,,,,,,
101957,101957,101957,3234,shoulder_adduction,Risky,No,1,,,,,,
102250,102250,102250,3246,shoulder_adduction,Risky,No,2,,,,,,
102553,102553,102554,3258,shoulder_adduction,Risky,Yes,3,,,,,,
102823,102823,102824,3270,shoulder_adduction,Risky,Yes,4,,,,,,
103217,103217,103217,3282,shoulder_adduction,Risky,Yes,5,,,,,,
103485,103485,103486,3294,shoulder_adduction,Risky,Yes,6,,,,,,
103959,103959,103960,3306,sitting,Safe,No,0,,,,,,
104139,104139,104140,3318,sitting,Safe,No,0,,,,,,
104432,104432,104433,3330,sitting,Safe,No,0,,,,,,
104781,104781,104781,3342,shoulder_adduction,Risky,No,1,,,,,,
105152,105152,105153,3354,shoulder_adduction,Risky,No,2,,,,,,
105636,105636,105636,3366,sitting,Safe,No,0,,,,,,
105883,105883,105884,3378,shoulder_adduction,Risky,No,1,,,,,,
106108,106108,106109,3390,shoulder_adduction,Risky,No,2,,,,,,
106479,106479,106480,3402,sitting,Safe,No,0,,,,,,
106760,106760,106761,3414,sitting,Safe,No,0,,,,,,
107548,107548,107549,3426,sitting,Safe,No,0,,,,,,
107897,107897,107897,3438,sitting,Safe,No,0,,,,,,
108347,108347,108348,3450,sitting,Safe,No,0,,,,,,
108954,108954,108955,3462,sitting,Safe,No,0,,,,,,
109202,109202,109203,3474,sitting,Safe,No,0,,,,,,
109685,109685,109686,3486,sitting,Safe,No,0,,,,,,
110034,110034,110035,3498,sitting,Safe,No,0,,,,,,
110653,110653,110654,3510,sitting,Safe,No,0,,,,,,
111227,111227,111227,3522,sitting,Safe,No,0,,,,,,
111857,111857,111858,3534,sitting,Safe,No,0,,,,,,
112576,112577,112577,3546,sitting,Safe,No,0,,,,,,
113049,113049,113050,3558,sitting,Safe,No,0,,,,,,
113296,113297,113297,3570,sitting,Safe,No,0,,,,,,
113578,113578,113579,3582,sitting,Safe,No,0,,,,,,
113747,113747,113748,3594,sitting,Safe,No,0,,,,,,
114028,114028,114029,3606,sitting,Safe,No,0,,,,,,
114219,114219,114220,3618,sitting,Safe,No,0,,,,,,
114399,114400,114400,3630,sitting,Safe,No,0,,,,,,
114658,114658,114658,3642,sitting,Safe,No,0,,,,,,
114827,114827,114828,3654,sitting,Safe,No,0,,,,,,
115063,115063,115064,3666,sitting,Safe,No,0,,,,,,
115243,115243,115244,3678,sitting,Safe,No,0,,,,,,
115411,115412,115412,3690,elbow_flexion,Risky,No,1,,,,,,
115738,115738,115739,3702,elbow_flexion,Risky,No,2,,,,,,
116143,116143,116144,3714,elbow_flexion,Risky,Yes,3,,,,,,
116672,116672,116672,3726,elbow_flexion,Risky,Yes,4,,,,,,
117065,117065,117066,3738,elbow_flexion,Risky,Yes,5,,,,,,
117335,117335,117336,3750,sitting,Safe,No,0,,,,,,
117696,117696,117696,3762,sitting,Safe,No,0,,,,,,
118078,118078,118078,3774,elbow_flexion,Risky,No,1,,,,,,
118505,118505,118506,3786,elbow_flexion,Risky,No,2,,,,,,
118730,118730,118731,3798,elbow_flexion,Risky,Yes,3,,,,,,
119000,119000,119001,3810,elbow_flexion,Risky,Yes,4,,,,,,
119518,119518,119518,3822,elbow_flexion,Risky,Yes,5,,,,,,
119833,119833,119834,3834,elbow_flexion,Risky,Yes,6,,,,,,
120328,120328,120328,3846,elbow_flexion,Risky,Yes,7,,,,,,
120596,120596,120597,3858,elbow_flexion,Risky,Yes,8,,,,,,
120876,120876,120877,3870,elbow_flexion,Risky,Yes,9,,,,,,
121194,121194,121195,3882,elbow_flexion,Risky,Yes,10,,,,,,
121532,121532,121532,3894,elbow_flexion,Risky,Yes,11,,,,,,
122038,122038,122038,3906,sitting,Safe,No,0,,,,,,
122352,122353,122353,3918,sitting,Safe,No,0,,,,,,
122668,122668,122668,3930,sitting,Safe,No,0,,,,,,
123084,123084,123085,3942,sitting,Safe,No,0,,,,,,
123354,123354,123355,3954,sitting,Safe,No,0,,,,,,
123804,123804,123805,3966,elbow_flexion,Risky,No,1,,,,,,
124096,124097,124097,3978,elbow_flexion,Risky,No,2,,,,,,
124299,124299,124300,3990,elbow_flexion,Risky,Yes,3,,,,,,
124715,124715,124716,4002,elbow_flexion,Risky,Yes,4,,,,,,
124975,124975,124976,4014,elbow_flexion,Risky,Yes,5,,,,,,
125312,125312,125312,4026,sitting,Safe,No,0,,,,,,
125716,125717,125717,4038,sitting,Safe,No,0,,,,,,
126065,126065,126066,4050,sitting,Safe,No,0,,,,,,
126549,126549,126550,4062,sitting,Safe,No,0,,,,,,
126819,126819,126820,4074,sitting,Safe,No,0,,,,,,
127292,127292,127292,4086,sitting,Safe,No,0,,,,,,
127686,127686,127687,4098,sitting,Safe,No,0,,,,,,
127893,127893,127894,4110,sitting,Safe,No,0,,,,,,
128248,128248,128249,4122,sitting,Safe,No,0,,,,,,
128563,128563,128564,4134,sitting,Safe,No,0,,,,,,
129035,129035,129036,4146,sitting,Safe,No,0,,,,,,
129429,129429,129430,4158,sitting,Safe,No,0,,,,,,
129688,129688,129688,4170,sitting,Safe,No,0,,,,,,
130070,130070,130071,4182,sitting,Safe,No,0,,,,,,
130396,130397,130397,4194,sitting,Safe,No,0,,,,,,
130824,130824,130825,4206,sitting,Safe,No,0,,,,,,
131285,131285,131286,4218,sitting,Safe,No,0,,,,,,
131566,131567,131567,4230,sitting,Safe,No,0,,,,,,
132061,132061,132062,4242,elbow_flexion,Risky,No,1,,,,,,
132365,132365,132366,4254,elbow_flexion,Risky,No,2,,,,,,
132658,132658,132658,4266,elbow_flexion,Risky,Yes,3,,,,,,
132927,132928,132928,4278,elbow_flexion,Risky,Yes,4,,,,,,
133196,133196,133197,4290,elbow_flexion,Risky,Yes,5,,,,,,
133477,133477,133478,4302,elbow_flexion,Risky,Yes,6,,,,,,
133738,133739,133739,4314,elbow_flexion,Risky,Yes,7,,,,,,
134017,134017,134018,4326,walking,Safe,No,0,,,,,,
134018,134019,134019,4338,sitting,Safe,No,0,,,,,,
134041,134042,134042,4350,sitting,Safe,No,0,,,,,,
134311,134311,134312,4362,sitting,Safe,No,0,,,,,,
134491,134492,134492,4374,walking,Safe,No,0,,,,,,
134750,134750,134751,4386,walking,Safe,No,0,,,,,,
134941,134941,134942,4398,walking,Safe,No,0,,,,,,
135110,135110,135111,4410,elbow_flexion,Risky,No,1,,,,,,
135391,135391,135392,4422,elbow_flexion,Risky,No,2,,,,,,
135582,135583,135583,4434,elbow_flexion,Risky,Yes,3,,,,,,
135865,135865,135866,4446,elbow_flexion,Risky,Yes,4,,,,,,
136143,136144,136145,4458,elbow_flexion,Risky,Yes,5,,,,,,
136424,136424,136425,4470,elbow_flexion,Risky,Yes,6,,,,,,
136703,136703,136704,4482,walking,Safe,No,0,,,,,,
136704,136705,136705,4494,walking,Safe,No,0,,,,,,
136989,136989,136990,4506,walking,Safe,No,0,,,,,,
137225,137225,137226,4518,walking,Safe,No,0,,,,,,
137461,137462,137462,4530,walking,Safe,No,0,,,,,,
137911,137911,137912,4542,pronation,Safe,No,0,,,,,,
138170,138170,138171,4554,pronation,Safe,No,0,,,,,,
138440,138440,138441,4566,elbow_flexion,Risky,No,1,,,,,,
138631,138632,138632,4578,elbow_flexion,Risky,No,2,,,,,,
138823,138823,138824,4590,elbow_flexion,Risky,Yes,3,,,,,,
139115,139115,139116,4602,elbow_flexion,Risky,Yes,4,,,,,,
139393,139394,139395,4614,elbow_flexion,Risky,Yes,5,,,,,,
139671,139672,139673,4626,elbow_flexion,Risky,Yes,6,,,,,,
139950,139950,139950,4638,elbow_flexion,Risky,Yes,7,,,,,,
140215,140215,140215,4650,pronation,Safe,No,0,,,,,,
140240,140240,140241,4662,walking,Safe,No,0,,,,,,
140454,140454,140454,4674,walking,Safe,No,0,,,,,,
140803,140803,140804,4686,walking,Safe,No,0,,,,,,
141072,141073,141073,4698,walking,Safe,No,0,,,,,,
141331,141331,141332,4710,walking,Safe,No,0,,,,,,
141860,141860,141861,4722,walking,Safe,No,0,,,,,,
142265,142265,142266,4734,pronation,Safe,No,0,,,,,,
142647,142647,142648,4746,elbow_flexion,Risky,No,1,,,,,,
142906,142906,142907,4758,elbow_flexion,Risky,No,2,,,,,,
143075,143075,143075,4770,elbow_flexion,Risky,Yes,3,,,,,,
143502,143502,143503,4782,elbow_flexion,Risky,Yes,4,,,,,,
143779,143779,143780,4794,elbow_flexion,Risky,Yes,5,,,,,,
144110,144110,144111,4806,elbow_flexion,Risky,Yes,6,,,,,,
144403,144403,144404,4818,elbow_flexion,Risky,Yes,7,,,,,,
144785,144785,144786,4830,elbow_flexion,Risky,Yes,8,,,,,,
145404,145404,145405,4842,walking,Safe,No,0,,,,,,
145933,145933,145933,4854,shoulder_adduction,Risky,No,1,,,,,,
146337,146338,146338,4866,shoulder_adduction,Risky,No,2,,,,,,
146619,146619,146620,4878,shoulder_adduction,Risky,Yes,3,,,,,,
147013,147013,147013,4890,shoulder_adduction,Risky,Yes,4,,,,,,
147586,147586,147587,4902,shoulder_adduction,Risky,Yes,5,,,,,,
148025,148025,148026,4914,elbow_flexion,Risky,Yes,6,,,,,,
148396,148396,148397,4926,elbow_flexion,Risky,Yes,7,,,,,,
148670,148670,148671,4938,shoulder_adduction,Risky,Yes,8,,,,,,
148959,148959,148960,4950,shoulder_adduction,Risky,Yes,9,,,,,,
149532,149533,149533,4962,shoulder_adduction,Risky,Yes,10,,,,,,
149881,149881,149882,4974,shoulder_adduction,Risky,Yes,11,,,,,,
150253,150253,150253,4986,shoulder_adduction,Risky,Yes,12,,,,,,
150612,150613,150613,4998,shoulder_adduction,Risky,Yes,13,,,,,,
150916,150916,150917,5010,walking,Safe,No,0,,,,,,
151276,151276,151277,5022,walking,Safe,No,0,,,,,,
151479,151479,151480,5034,elbow_flexion,Risky,No,1,,,,,,
151782,151782,151783,5046,elbow_flexion,Risky,No,2,,,,,,
152030,152030,152031,5058,elbow_flexion,Risky,Yes,3,,,,,,
152300,152300,152301,5070,elbow_flexion,Risky,Yes,4,,,,,,
152649,152649,152649,5082,elbow_flexion,Risky,Yes,5,,,,,,
152922,152922,152923,5094,shoulder_adduction,Risky,Yes,6,,,,,,
153202,153202,153203,5106,elbow_flexion,Risky,Yes,7,,,,,,
153470,153470,153471,5118,shoulder_adduction,Risky,Yes,8,,,,,,
153747,153748,153748,5130,standing,Safe,No,0,,,,,,
153897,153898,153898,5142,standing,Safe,No,0,,,,,,
154122,154122,154123,5154,standing,Safe,No,0,,,,,,
154449,154449,154449,5166,standing,Safe,No,0,,,,,,
154685,154685,154685,5178,standing,Safe,No,0,,,,,,
154842,154842,154843,5190,standing,Safe,No,0,,,,,,
155202,155202,155203,5202,standing,Safe,No,0,,,,,,
155394,155394,155394,5214,standing,Safe,No,0,,,,,,
155709,155709,155709,5226,standing,Safe,No,0,,,,,,
155900,155900,155901,5238,elbow_flexion,Risky,No,1,,,,,,
156091,156091,156092,5250,elbow_flexion,Risky,No,2,,,,,,
156440,156440,156441,5262,elbow_flexion,Risky,Yes,3,,,,,,
156720,156721,156721,5274,elbow_flexion,Risky,Yes,4,,,,,,
157013,157014,157014,5286,elbow_flexion,Risky,Yes,5,,,,,,
157295,157296,157297,5298,sitting,Safe,No,0,,,,,,
157419,157419,157420,5310,elbow_flexion,Risky,No,1,,,,,,
157722,157722,157723,5322,elbow_flexion,Risky,No,2,,,,,,
157992,157992,157993,5334,elbow_flexion,Risky,Yes,3,,,,,,
158272,158272,158273,5346,elbow_flexion,Risky,Yes,4,,,,,,
158543,158544,158544,5358,standing,Safe,No,0,,,,,,
158701,158701,158702,5370,elbow_flexion,Risky,No,1,,,,,,
159095,159095,159095,5382,elbow_flexion,Risky,No,2,,,,,,
159309,159309,159310,5394,elbow_flexion,Risky,Yes,3,,,,,,
159624,159624,159624,5406,elbow_flexion,Risky,Yes,4,,,,,,
159895,159895,159897,5418,sitting,Safe,No,0,,,,,,
160028,160029,160029,5430,sitting,Safe,No,0,,,,,,
160411,160411,160412,5442,sitting,Safe,No,0,,,,,,
160602,160602,160603,5454,elbow_flexion,Risky,No,1,,,,,,
160883,160884,160884,5466,elbow_flexion,Risky,No,2,,,,,,
161075,161075,161075,5478,elbow_flexion,Risky,Yes,3,,,,,,
161339,161339,161340,5490,standing,Safe,No,0,,,,,,
161569,161570,161570,5502,standing,Safe,No,0,,,,,,
161783,161784,161784,5514,standing,Safe,No,0,,,,,,
162087,162087,162088,5526,standing,Safe,No,0,,,,,,
162278,162279,162279,5538,standing,Safe,No,0,,,,,,
162481,162481,162482,5550,standing,Safe,No,0,,,,,,
162751,162751,162752,5562,standing,Safe,No,0,,,,,,
162976,162976,162977,5574,standing,Safe,No,0,,,,,,
163291,163291,163292,5586,standing,Safe,No,0,,,,,,
163493,163494,163494,5598,standing,Safe,No,0,,,,,,
163966,163966,163967,5610,pronation,Safe,No,0,,,,,,
164450,164450,164450,5622,elbow_flexion,Risky,No,1,,,,,,
164753,164754,164754,5634,elbow_flexion,Risky,No,2,,,,,,
165237,165237,165238,5646,elbow_flexion,Risky,Yes,3,,,,,,
165517,165517,165518,5658,elbow_flexion,Risky,Yes,4,,,,,,
165797,165797,165798,5670,elbow_flexion,Risky,Yes,5,,,,,,
166103,166104,166104,5682,elbow_flexion,Risky,Yes,6,,,,,,
166371,166371,166372,5694,elbow_flexion,Risky,Yes,7,,,,,,
166636,166636,166637,5706,elbow_flexion,Risky,Yes,8,,,,,,
166913,166913,166914,5718,elbow_flexion,Risky,Yes,9,,,,,,
167183,167184,167184,5730,elbow_flexion,Risky,Yes,10,,,,,,
167454,167454,167455,5742,elbow_flexion,Risky,Yes,11,,,,,,
167733,167733,167734,5754,elbow_flexion,Risky,Yes,12,,,,,,
168014,168014,168015,5766,elbow_flexion,Risky,Yes,13,,,,,,
168286,168286,168287,5778,elbow_flexion,Risky,Yes,14,,,,,,
168540,168541,168542,5790,elbow_flexion,Risky,Yes,15,,,,,,
168820,168820,168821,5802,elbow_flexion,Risky,Yes,16,,,,,,
169082,169082,169083,5814,elbow_flexion,Risky,Yes,17,,,,,,
169362,169362,169363,5826,elbow_flexion,Risky,Yes,18,,,,,,
169640,169640,169641,5838,elbow_flexion,Risky,Yes,19,,,,,,
169919,169919,169920,5850,pronation,Safe,No,0,,,,,,
169996,169996,169997,5862,pronation,Safe,No,0,,,,,,
170356,170356,170356,5874,pronation,Safe,No,0,,,,,,
170851,170851,170851,5886,walking,Safe,No,0,,,,,,
171132,171132,171133,5898,walking,Safe,No,0,,,,,,
171458,171458,171459,5910,shoulder_adduction,Risky,No,1,,,,,,
171830,171830,171830,5922,shoulder_adduction,Risky,No,2,,,,,,
172178,172179,172179,5934,shoulder_adduction,Risky,Yes,3,,,,,,
172516,172516,172517,5946,shoulder_adduction,Risky,Yes,4,,,,,,
172786,172786,172787,5958,shoulder_adduction,Risky,Yes,5,,,,,,
173056,173056,173057,5970,walking,Safe,No,0,,,,,,
173506,173506,173507,5982,standing,Safe,No,0,,,,,,
173810,173810,173811,5994,standing,Safe,No,0,,,,,,
174271,174271,174272,6006,standing,Safe,No,0,,,,,,
174530,174530,174530,6018,standing,Safe,No,0,,,,,,
174788,174788,174789,6030,standing,Safe,No,0,,,,,,
175193,175194,175194,6042,standing,Safe,No,0,,,,,,
175385,175385,175385,6054,standing,Safe,No,0,,,,,,
175644,175644,175644,6066,standing,Safe,No,0,,,,,,
175857,175857,175858,6078,standing,Safe,No,0,,,,,,
176082,176082,176083,6090,standing,Safe,No,0,,,,,,
176386,176386,176386,6102,standing,Safe,No,0,,,,,,
176588,176589,176589,6114,standing,Safe,No,0,,,,,,
176892,176892,176893,6126,standing,Safe,No,0,,,,,,
177184,177185,177185,6138,walking,Safe,No,0,,,,,,
177365,177365,177365,6150,walking,Safe,No,0,,,,,,
177848,177849,177849,6162,shoulder_adduction,Risky,No,1,,,,,,
178242,178242,178243,6174,shoulder_adduction,Risky,No,2,,,,,,
178624,178625,178625,6186,shoulder_adduction,Risky,Yes,3,,,,,,
178898,178899,178899,6198,shoulder_adduction,Risky,Yes,4,,,,,,
179176,179176,179176,6210,shoulder_adduction,Risky,Yes,5,,,,,,
179502,179502,179503,6222,walking,Safe,No,0,,,,,,
179738,179738,179739,6234,walking,Safe,No,0,,,,,,
180098,180098,180099,6246,standing,Safe,No,0,,,,,,
180301,180301,180302,6258,standing,Safe,No,0,,,,,,
180537,180537,180538,6270,standing,Safe,No,0,,,,,,
180920,180920,180921,6282,standing,Safe,No,0,,,,,,
181291,181291,181291,6294,standing,Safe,No,0,,,,,,
181662,181662,181663,6306,standing,Safe,No,0,,,,,,
181909,181910,181910,6318,standing,Safe,No,0,,,,,,
182089,182090,182090,6330,standing,Safe,No,0,,,,,,
182359,182360,182360,6342,standing,Safe,No,0,,,,,,
182596,182596,182597,6354,standing,Safe,No,0,,,,,,
182900,182900,182900,6366,standing,Safe,No,0,,,,,,
183102,183102,183103,6378,standing,Safe,No,0,,,,,,
183349,183349,183350,6390,standing,Safe,No,0,,,,,,
183676,183676,183676,6402,standing,Safe,No,0,,,,,,
183878,183878,183879,6414,standing,Safe,No,0,,,,,,
184182,184182,184183,6426,standing,Safe,No,0,,,,,,
184407,184407,184408,6438,standing,Safe,No,0,,,,,,
184576,184576,184576,6450,walking,Safe,No,0,,,,,,
184868,184868,184869,6462,walking,Safe,No,0,,,,,,
185104,185105,185105,6474,walking,Safe,No,0,,,,,,
185419,185420,185420,6486,walking,Safe,No,0,,,,,,
185599,185600,185600,6498,walking,Safe,No,0,,,,,,
185768,185768,185769,6510,walking,Safe,No,0,,,,,,
186060,186061,186061,6522,walking,Safe,No,0,,,,,,
186252,186252,186253,6534,standing,Safe,No,0,,,,,,
186555,186556,186556,6546,standing,Safe,No,0,,,,,,
186781,186781,186781,6558,standing,Safe,No,0,,,,,,
186994,186995,186995,6570,standing,Safe,No,0,,,,,,
187287,187287,187288,6582,standing,Safe,No,0,,,,,,
187557,187557,187558,6594,standing,Safe,No,0,,,,,,
187827,187827,187828,6606,standing,Safe,No,0,,,,,,
187996,187996,187997,6618,walking,Safe,No,0,,,,,,
188175,188176,188176,6630,walking,Safe,No,0,,,,,,
188434,188434,188435,6642,walking,Safe,No,0,,,,,,
188603,188603,188604,6654,walking,Safe,No,0,,,,,,
188896,188896,188897,6666,walking,Safe,No,0,,,,,,
189098,189098,189099,6678,walking,Safe,No,0,,,,,,
189290,189290,189290,6690,walking,Safe,No,0,,,,,,
189548,189548,189549,6702,walking,Safe,No,0,,,,,,
189706,189706,189706,6714,walking,Safe,No,0,,,,,,
189998,189998,189999,6726,walking,Safe,No,0,,,,,,
190167,190167,190167,6738,walking,Safe,No,0,,,,,,
190347,190347,190347,6750,walking,Safe,No,0,,,,,,
190628,190628,190629,6762,walking,Safe,No,0,,,,,,
190864,190864,190865,6774,walking,Safe,No,0,,,,,,
191157,191157,191157,6786,walking,Safe,No,0,,,,,,
191348,191348,191349,6798,walking,Safe,No,0,,,,,,
191640,191640,191641,6810,standing,Safe,No,0,,,,,,
191922,191922,191922,6822,walking,Safe,No,0,,,,,,
192102,192102,192102,6834,walking,Safe,No,0,,,,,,
192417,192417,192418,6846,walking,Safe,No,0,,,,,,
192687,192687,192688,6858,pronation,Safe,No,0,,,,,,
192991,192991,192992,6870,walking,Safe,No,0,,,,,,
193474,193474,193475,6882,standing,Safe,No,0,,,,,,
193778,193778,193779,6894,walking,Safe,No,0,,,,,,
194262,194262,194262,6906,pronation,Safe,No,0,,,,,,
194588,194588,194589,6918,pronation,Safe,No,0,,,,,,
194835,194836,194836,6930,pronation,Safe,No,0,,,,,,
195274,195274,195275,6942,standing,Safe,No,0,,,,,,
195522,195522,195523,6954,standing,Safe,No,0,,,,,,
196028,196028,196029,6966,standing,Safe,No,0,,,,,,
196287,196287,196287,6978,standing,Safe,No,0,,,,,,
196636,196636,196637,6990,standing,Safe,No,0,,,,,,
197142,197142,197142,7002,standing,Safe,No,0,,,,,,
197490,197491,197491,7014,standing,Safe,No,0,,,,,,
197952,197952,197953,7026,standing,Safe,No,0,,,,,,
198199,198199,198200,7038,standing,Safe,No,0,,,,,,
198514,198514,198515,7050,standing,Safe,No,0,,,,,,
198919,198919,198920,7062,standing,Safe,No,0,,,,,,
199234,199234,199235,7074,standing,Safe,No,0,,,,,,
199662,199662,199662,7086,standing,Safe,No,0,,,,,,
199842,199842,199843,7098,shoulder_adduction,Risky,No,1,,,,,,
200123,200123,200124,7110,shoulder_adduction,Risky,No,2,,,,,,
200562,200562,200563,7122,shoulder_adduction,Risky,Yes,3,,,,,,
200956,200956,200956,7134,shoulder_adduction,Risky,Yes,4,,,,,,
201496,201496,201496,7146,shoulder_adduction,Risky,Yes,5,,,,,,
201856,201856,201857,7158,shoulder_adduction,Risky,Yes,6,,,,,,
202134,202134,202135,7170,shoulder_adduction,Risky,Yes,7,,,,,,
202587,202587,202588,7182,pronation,Safe,No,0,,,,,,
202857,202857,202857,7194,standing,Safe,No,0,,,,,,
203318,203318,203319,7206,standing,Safe,No,0,,,,,,
203824,203825,203825,7218,standing,Safe,No,0,,,,,,
204263,204263,204264,7230,walking,Safe,No,0,,,,,,
204634,204634,204635,7242,walking,Safe,No,0,,,,,,
205017,205017,205017,7254,elbow_flexion,Risky,No,1,,,,,,
205455,205456,205456,7266,elbow_flexion,Risky,No,2,,,,,,
205658,205658,205659,7278,elbow_flexion,Risky,Yes,3,,,,,,
206119,206119,206120,7290,elbow_flexion,Risky,Yes,4,,,,,,
206614,206614,206615,7302,elbow_flexion,Risky,Yes,5,,,,,,
206940,206941,206941,7314,elbow_flexion,Risky,Yes,6,,,,,,
207525,207525,207526,7326,elbow_flexion,Risky,Yes,7,,,,,,
208392,208392,208393,7338,elbow_flexion,Risky,Yes,8,,,,,,
209089,209090,209090,7350,standing,Safe,No,0,,,,,,
209708,209708,209709,7362,walking,Safe,No,0,,,,,,
210068,210068,210069,7374,walking,Safe,No,0,,,,,,
210450,210450,210451,7386,walking,Safe,No,0,,,,,,
211306,211306,211307,7398,standing,Safe,No,0,,,,,,
211767,211767,211767,7410,standing,Safe,No,0,,,,,,
212205,212205,212206,7422,elbow_flexion,Risky,No,1,,,,,,
212565,212565,212566,7434,elbow_flexion,Risky,No,2,,,,,,
213071,213072,213072,7446,elbow_flexion,Risky,Yes,3,,,,,,
213348,213348,213349,7458,shoulder_adduction,Risky,Yes,4,,,,,,
213617,213617,213618,7470,elbow_flexion,Risky,Yes,5,,,,,,
213938,213938,213939,7482,walking,Safe,No,0,,,,,,
214185,214185,214186,7494,walking,Safe,No,0,,,,,,
214568,214568,214569,7506,walking,Safe,No,0,,,,,,
214793,214793,214794,7518,walking,Safe,No,0,,,,,,
215040,215041,215041,7530,walking,Safe,No,0,,,,,,
215558,215558,215559,7542,walking,Safe,No,0,,,,,,
215760,215760,215761,7554,walking,Safe,No,0,,,,,,
216064,216064,216065,7566,walking,Safe,No,0,,,,,,
216289,216289,216290,7578,walking,Safe,No,0,,,,,,
216626,216627,216627,7590,walking,Safe,No,0,,,,,,
217065,217065,217066,7602,walking,Safe,No,0,,,,,,
217842,217842,217842,7614,walking,Safe,No,0,,,,,,
219034,219034,219035,7626,walking,Safe,No,0,,,,,,
219417,219417,219418,7638,shoulder_adduction,Risky,No,1,,,,,,
220013,220013,220014,7650,shoulder_adduction,Risky,No,2,,,,,,
221149,221149,221150,7662,walking,Safe,No,0,,,,,,
222510,222510,222511,7674,walking,Safe,No,0,,,,,,
223241,223242,223242,7686,walking,Safe,No,0,,,,,,
223804,223805,223805,7698,walking,Safe,No,0,,,,,,
224445,224445,224446,7710,walking,Safe,No,0,,,,,,
225300,225301,225301,7722,standing,Safe,No,0,,,,,,
225818,225818,225818,7734,standing,Safe,No,0,,,,,,
226650,226650,226651,7746,standing,Safe,No,0,,,,,,
227280,227280,227281,7758,standing,Safe,No,0,,,,,,
228371,228371,228372,7770,standing,Safe,No,0,,,,,,
229215,229215,229216,7782,standing,Safe,No,0,,,,,,
229789,229789,229790,7794,standing,Safe,No,0,,,,,,
231690,231690,231691,7806,walking,Safe,No,0,,,,,,
232815,232815,232816,7818,walking,Safe,No,0,,,,,,
233591,233592,233592,7830,walking,Safe,No,0,,,,,,
234975,234975,234976,7842,shoulder_adduction,Risky,No,1,,,,,,
236145,236145,236146,7854,standing,Safe,No,0,,,,,,
237372,237372,237372,7866,standing,Safe,No,0,,,,,,
237889,237889,237890,7878,standing,Safe,No,0,,,,,,
238541,238541,238542,7890,standing,Safe,No,0,,,,,,
239014,239014,239014,7902,standing,Safe,No,0,,,,,,
239554,239554,239554,7914,walking,Safe,No,0,,,,,,
240139,240139,240139,7926,walking,Safe,No,0,,,,,,
240713,240713,240713,7938,standing,Safe,No,0,,,,,,
241185,241185,241186,7950,standing,Safe,No,0,,,,,,
241657,241658,241658,7962,standing,Safe,No,0,,,,,,
241897,241897,241898,7974,standing,Safe,No,0,,,,,,
243278,243278,243278,7986,standing,Safe,No,0,,,,,,
243919,243919,243920,7998,walking,Safe,No,0,,,,,,
244357,244357,244358,8010,walking,Safe,No,0,,,,,,
246034,246034,246035,8022,walking,Safe,No,0,,,,,,
247237,247238,247238,8034,walking,Safe,No,0,,,,,,
248801,248801,248802,8046,shoulder_adduction,Risky,No,1,,,,,,
249543,249544,249544,8058,standing,Safe,No,0,,,,,,
250353,250354,250354,8070,standing,Safe,No,0,,,,,,
252446,252446,252447,8082,standing,Safe,No,0,,,,,,
253290,253290,253291,8094,standing,Safe,No,0,,,,,,
254168,254168,254168,8106,shoulder_adduction,Risky,No,1,,,,,,
254786,254786,254787,8118,shoulder_adduction,Risky,No,2,,,,,,
255585,255585,255585,8130,shoulder_adduction,Risky,Yes,3,,,,,,
256237,256237,256238,8142,shoulder_adduction,Risky,Yes,4,,,,,,
256732,256732,256733,8154,standing,Safe,No,0,,,,,,
257272,257272,257273,8166,standing,Safe,No,0,,,,,,
257801,257801,257802,8178,standing,Safe,No,0,,,,,,
258555,258555,258555,8190,standing,Safe,No,0,,,,,,
259624,259624,259624,8202,standing,Safe,No,0,,,,,,
260197,260197,260198,8214,standing,Safe,No,0,,,,,,
261109,261109,261109,8226,standing,Safe,No,0,,,,,,
261401,261402,261402,8238,standing,Safe,No,0,,,,,,
261997,261997,261998,8250,standing,Safe,No,0,,,,,,
262999,262999,262999,8262,standing,Safe,No,0,,,,,,
263471,263471,263472,8274,standing,Safe,No,0,,,,,,
264562,264563,264563,8286,standing,Safe,No,0,,,,,,
265057,265057,265058,8298,shoulder_adduction,Risky,No,1,,,,,,
265721,265721,265722,8310,shoulder_adduction,Risky,No,2,,,,,,
266958,266959,266959,8322,shoulder_adduction,Risky,Yes,3,,,,,,
267757,267757,267758,8334,shoulder_adduction,Risky,Yes,4,,,,,,
268691,268691,268692,8346,walking,Safe,No,0,,,,,,
269636,269636,269637,8358,elbow_flexion,Risky,No,1,,,,,,
270176,270176,270177,8370,elbow_flexion,Risky,No,2,,,,,,
270659,270660,270660,8382,elbow_flexion,Risky,Yes,3,,,,,,
271065,271065,271066,8394,elbow_flexion,Risky,Yes,4,,,,,,
271683,271683,271684,8406,elbow_flexion,Risky,Yes,5,,,,,,
272336,272336,272337,8418,elbow_flexion,Risky,Yes,6,,,,,,
273112,273112,273113,8430,elbow_flexion,Risky,Yes,7,,,,,,
273764,273765,273765,8442,elbow_flexion,Risky,Yes,8,,,,,,
274428,274428,274429,8454,elbow_flexion,Risky,Yes,9,,,,,,
274980,274980,274980,8466,elbow_flexion,Risky,Yes,10,,,,,,
275294,275295,275295,8478,elbow_flexion,Risky,Yes,11,,,,,,
275609,275610,275610,8490,elbow_flexion,Risky,Yes,12,,,,,,
276296,276296,276297,8502,shoulder_adduction,Risky,Yes,13,,,,,,
276656,276656,276657,8514,shoulder_adduction,Risky,Yes,14,,,,,,
277252,277252,277253,8526,shoulder_adduction,Risky,Yes,15,,,,,,
277612,277612,277613,8538,shoulder_adduction,Risky,Yes,16,,,,,,
277893,277893,277894,8550,shoulder_adduction,Risky,Yes,17,,,,,,
278174,278175,278175,8562,shoulder_adduction,Risky,Yes,18,,,,,,
278455,278456,278457,8574,shoulder_adduction,Risky,Yes,19,,,,,,
278782,278782,278783,8586,shoulder_adduction,Risky,Yes,20,,,,,,
279153,279153,279154,8598,shoulder_adduction,Risky,Yes,21,,,,,,
279558,279558,279559,8610,shoulder_adduction,Risky,Yes,22,,,,,,
280458,280459,280459,8622,shoulder_adduction,Risky,Yes,23,,,,,,
280737,280737,280738,8634,shoulder_adduction,Risky,Yes,24,,,,,,
281017,281017,281018,8646,pronation,Safe,No,0,,,,,,
281178,281178,281179,8658,shoulder_adduction,Risky,No,1,,,,,,
281370,281370,281370,8670,shoulder_adduction,Risky,No,2,,,,,,
281718,281719,281719,8682,shoulder_adduction,Risky,Yes,3,,,,,,
282000,282000,282000,8694,shoulder_adduction,Risky,Yes,4,,,,,,
282382,282382,282383,8706,shoulder_adduction,Risky,Yes,5,,,,,,
282765,282765,282765,8718,shoulder_adduction,Risky,Yes,6,,,,,,
283124,283124,283125,8730,shoulder_adduction,Risky,Yes,7,,,,,,
283608,283609,283609,8742,shoulder_adduction,Risky,Yes,8,,,,,,
283901,283901,283902,8754,shoulder_adduction,Risky,Yes,9,,,,,,
284317,284317,284318,8766,shoulder_adduction,Risky,Yes,10,,,,,,
284584,284585,284585,8778,shoulder_adduction,Risky,Yes,11,,,,,,
284865,284866,284867,8790,shoulder_adduction,Risky,Yes,12,,,,,,
285145,285145,285146,8802,walking,Safe,No,0,,,,,,
285239,285239,285240,8814,walking,Safe,No,0,,,,,,
285644,285644,285645,8826,walking,Safe,No,0,,,,,,
285880,285881,285881,8838,walking,Safe,No,0,,,,,,
286072,286072,286073,8850,shoulder_adduction,Risky,No,1,,,,,,
286375,286376,286376,8862,shoulder_adduction,Risky,No,2,,,,,,
286657,286657,286657,8874,standing,Safe,No,0,,,,,,
287073,287073,287074,8886,standing,Safe,No,0,,,,,,
287332,287332,287333,8898,standing,Safe,No,0,,,,,,
287534,287534,287535,8910,standing,Safe,No,0,,,,,,
287906,287906,287907,8922,standing,Safe,No,0,,,,,,
288119,288120,288121,8934,standing,Safe,No,0,,,,,,
288457,288457,288457,8946,standing,Safe,No,0,,,,,,
288693,288693,288694,8958,standing,Safe,No,0,,,,,,
288974,288975,288975,8970,standing,Safe,No,0,,,,,,
289368,289368,289369,8982,standing,Safe,No,0,,,,,,
289672,289672,289673,8994,standing,Safe,No,0,,,,,,
290020,290021,290021,9006,standing,Safe,No,0,,,,,,
290302,290302,290302,9018,standing,Safe,No,0,,,,,,
290515,290516,290516,9030,elbow_flexion,Risky,No,1,,,,,,
291191,291191,291192,9042,elbow_flexion,Risky,No,2,,,,,,
291494,291494,291495,9054,elbow_flexion,Risky,Yes,3,,,,,,
292068,292068,292069,9066,elbow_flexion,Risky,Yes,4,,,,,,
292350,292351,292351,9078,elbow_flexion,Risky,Yes,5,,,,,,
292631,292631,292632,9090,shoulder_adduction,Risky,Yes,6,,,,,,
292912,292913,292914,9102,shoulder_adduction,Risky,Yes,7,,,,,,
293193,293193,293194,9114,shoulder_adduction,Risky,Yes,8,,,,,,
293473,293473,293474,9126,walking,Safe,No,0,,,,,,
293654,293654,293655,9138,pronation,Safe,No,0,,,,,,
293823,293823,293824,9150,pronation,Safe,No,0,,,,,,
294194,294195,294195,9162,pronation,Safe,No,0,,,,,,
294566,294566,294566,9174,standing,Safe,No,0,,,,,,
294869,294869,294870,9186,standing,Safe,No,0,,,,,,
295162,295162,295163,9198,standing,Safe,No,0,,,,,,
295330,295331,295331,9210,standing,Safe,No,0,,,,,,
295679,295680,295680,9222,standing,Safe,No,0,,,,,,
295983,295983,295984,9234,standing,Safe,No,0,,,,,,
296253,296253,296254,9246,standing,Safe,No,0,,,,,,
296467,296467,296467,9258,shoulder_adduction,Risky,No,1,,,,,,
296759,296759,296760,9270,shoulder_adduction,Risky,No,2,,,,,,
297131,297131,297131,9282,standing,Safe,No,0,,,,,,
297322,297322,297323,9294,shoulder_adduction,Risky,No,1,,,,,,
297704,297704,297705,9306,shoulder_adduction,Risky,No,2,,,,,,
298030,298030,298031,9318,walking,Safe,No,0,,,,,,
298267,298267,298267,9330,standing,Safe,No,0,,,,,,
298649,298649,298650,9342,standing,Safe,No,0,,,,,,
298919,298919,298920,9354,standing,Safe,No,0,,,,,,
299313,299313,299314,9366,standing,Safe,No,0,,,,,,
299673,299673,299674,9378,standing,Safe,No,0,,,,,,
299954,299954,299955,9390,shoulder_adduction,Risky,No,1,,,,,,
300303,300303,300304,9402,walking,Safe,No,0,,,,,,
300494,300494,300495,9414,walking,Safe,No,0,,,,,,
300888,300888,300889,9426,walking,Safe,No,0,,,,,,
301102,301102,301103,9438,walking,Safe,No,0,,,,,,
301405,301406,301406,9450,standing,Safe,No,0,,,,,,
301889,301889,301890,9462,standing,Safe,No,0,,,,,,
302283,302283,302284,9474,shoulder_adduction,Risky,No,1,,,,,,
302812,302813,302813,9486,shoulder_adduction,Risky,No,2,,,,,,
303160,303161,303161,9498,shoulder_adduction,Risky,Yes,3,,,,,,
303442,303442,303442,9510,shoulder_adduction,Risky,Yes,4,,,,,,
303981,303982,303982,9522,shoulder_adduction,Risky,Yes,5,,,,,,
304256,304256,304257,9534,shoulder_adduction,Risky,Yes,6,,,,,,
304533,304533,304534,9546,shoulder_adduction,Risky,Yes,7,,,,,,
304808,304808,304809,9558,shoulder_adduction,Risky,Yes,8,,,,,,
305079,305079,305080,9570,shoulder_adduction,Risky,Yes,9,,,,,,
305410,305410,305411,9582,shoulder_adduction,Risky,Yes,10,,,,,,
305685,305685,305686,9594,shoulder_adduction,Risky,Yes,11,,,,,,
306040,306041,306041,9606,shoulder_adduction,Risky,Yes,12,,,,,,
306322,306322,306323,9618,shoulder_adduction,Risky,Yes,13,,,,,,
306602,306602,306603,9630,walking,Safe,No,0,,,,,,
306884,306884,306885,9642,shoulder_adduction,Risky,No,1,,,,,,
307132,307132,307132,9654,shoulder_adduction,Risky,No,2,,,,,,
307604,307604,307605,9666,walking,Safe,No,0,,,,,,
307851,307852,307852,9678,walking,Safe,No,0,,,,,,
308110,308110,308111,9690,walking,Safe,No,0,,,,,,
308605,308605,308606,9702,shoulder_adduction,Risky,No,1,,,,,,
308999,308999,309000,9714,shoulder_adduction,Risky,No,2,,,,,,
309505,309505,309506,9726,shoulder_adduction,Risky,Yes,3,,,,,,
309967,309967,309967,9738,shoulder_adduction,Risky,Yes,4,,,,,,
310293,310293,310294,9750,shoulder_adduction,Risky,Yes,5,,,,,,
311047,311047,311047,9762,shoulder_adduction,Risky,Yes,6,,,,,,
311441,311441,311442,9774,shoulder_adduction,Risky,Yes,7,,,,,,
311958,311958,311959,9786,shoulder_adduction,Risky,Yes,8,,,,,,
312453,312453,312454,9798,walking,Safe,No,0,,,,,,
312869,312869,312870,9810,shoulder_adduction,Risky,No,1,,,,,,
313375,313375,313376,9822,walking,Safe,No,0,,,,,,
313881,313882,313882,9834,walking,Safe,No,0,,,,,,
314489,314489,314490,9846,walking,Safe,No,0,,,,,,
314815,314815,314816,9858,walking,Safe,No,0,,,,,,
315074,315074,315075,9870,shoulder_adduction,Risky,No,1,,,,,,
315580,315580,315581,9882,shoulder_adduction,Risky,No,2,,,,,,
316064,316064,316065,9894,shoulder_adduction,Risky,Yes,3,,,,,,
316638,316638,316639,9906,shoulder_adduction,Risky,Yes,4,,,,,,
316908,316908,316909,9918,shoulder_adduction,Risky,Yes,5,,,,,,
317188,317188,317189,9930,shoulder_adduction,Risky,Yes,6,,,,,,
317549,317549,317550,9942,shoulder_adduction,Risky,Yes,7,,,,,,
317898,317898,317899,9954,shoulder_adduction,Risky,Yes,8,,,,,,
318561,318562,318562,9966,shoulder_adduction,Risky,Yes,9,,,,,,
318944,318944,318945,9978,sitting,Safe,No,0,,,,,,
319135,319135,319136,9990,sitting,Safe,No,0,,,,,,
319990,319990,319991,10002,sitting,Safe,No,0,,,,,,
320226,320226,320227,10014,sitting,Safe,No,0,,,,,,
320508,320508,320509,10026,shoulder_adduction,Risky,No,1,,,,,,
320710,320710,320711,10038,shoulder_adduction,Risky,No,2,,,,,,
320980,320980,320981,10050,shoulder_adduction,Risky,Yes,3,,,,,,
321397,321397,321397,10062,shoulder_adduction,Risky,Yes,4,,,,,,
321734,321734,321735,10074,shoulder_adduction,Risky,Yes,5,,,,,,
322094,322094,322095,10086,shoulder_adduction,Risky,Yes,6,,,,,,
322375,322375,322376,10098,shoulder_adduction,Risky,Yes,7,,,,,,
322654,322654,322655,10110,walking,Safe,No,0,,,,,,
323073,323073,323073,10122,walking,Safe,No,0,,,,,,
323230,323230,323231,10134,walking,Safe,No,0,,,,,,
323500,323500,323501,10146,shoulder_adduction,Risky,No,1,,,,,,
323680,323681,323681,10158,shoulder_adduction,Risky,No,2,,,,,,
323849,323850,323850,10170,shoulder_adduction,Risky,Yes,3,,,,,,
324265,324265,324266,10182,shoulder_adduction,Risky,Yes,4,,,,,,
324536,324537,324538,10194,shoulder_adduction,Risky,Yes,5,,,,,,
324839,324839,324840,10206,shoulder_adduction,Risky,Yes,6,,,,,,
325142,325143,325143,10218,walking,Safe,No,0,,,,,,
325345,325345,325346,10230,walking,Safe,No,0,,,,,,
325705,325705,325706,10242,walking,Safe,No,0,,,,,,
326076,326077,326077,10254,walking,Safe,No,0,,,,,,
326661,326662,326663,10266,walking,Safe,No,0,,,,,,
326999,326999,327000,10278,walking,Safe,No,0,,,,,,
327291,327291,327292,10290,walking,Safe,No,0,,,,,,
327662,327663,327663,10302,walking,Safe,No,0,,,,,,
327910,327910,327911,10314,pronation,Safe,No,0,,,,,,
328259,328259,328259,10326,elbow_flexion,Risky,No,1,,,,,,
328461,328461,328462,10338,elbow_flexion,Risky,No,2,,,,,,
328675,328675,328676,10350,elbow_flexion,Risky,Yes,3,,,,,,
329125,329125,329126,10362,elbow_flexion,Risky,Yes,4,,,,,,
329384,329384,329385,10374,elbow_flexion,Risky,Yes,5,,,,,,
329800,329800,329801,10386,elbow_flexion,Risky,Yes,6,,,,,,
330071,330072,330072,10398,elbow_flexion,Risky,Yes,7,,,,,,
330353,330353,330354,10410,walking,Safe,No,0,,,,,,
330835,330835,330836,10422,pronation,Safe,No,0,,,,,,
331094,331094,331095,10434,walking,Safe,No,0,,,,,,
331398,331398,331398,10446,walking,Safe,No,0,,,,,,
331566,331566,331567,10458,walking,Safe,No,0,,,,,,
331735,331735,331736,10470,walking,Safe,No,0,,,,,,
332028,332028,332028,10482,walking,Safe,No,0,,,,,,
332219,332219,332219,10494,standing,Safe,No,0,,,,,,
332489,332489,332490,10506,standing,Safe,No,0,,,,,,
332646,332646,332647,10518,standing,Safe,No,0,,,,,,
332804,332804,332805,10530,standing,Safe,No,0,,,,,,
333119,333119,333119,10542,standing,Safe,No,0,,,,,,
333288,333288,333288,10554,standing,Safe,No,0,,,,,,
333535,333535,333536,10566,walking,Safe,No,0,,,,,,
333715,333715,333716,10578,shoulder_adduction,Risky,No,1,,,,,,
333884,333884,333885,10590,shoulder_adduction,Risky,No,2,,,,,,
334131,334131,334132,10602,elbow_flexion,Risky,Yes,3,,,,,,
334401,334402,334402,10614,elbow_flexion,Risky,Yes,4,,,,,,
334673,334673,334674,10626,shoulder_adduction,Risky,Yes,5,,,,,,
334952,334952,334953,10638,shoulder_adduction,Risky,Yes,6,,,,,,
335218,335218,335218,10650,shoulder_adduction,Risky,Yes,7,,,,,,
335498,335498,335498,10662,walking,Safe,No,0,,,,,,
335499,335499,335500,10674,shoulder_adduction,Risky,No,1,,,,,,
335728,335729,335729,10686,shoulder_adduction,Risky,No,2,,,,,,
335898,335898,335898,10698,walking,Safe,No,0,,,,,,
336100,336100,336101,10710,walking,Safe,No,0,,,,,,
336415,336415,336416,10722,standing,Safe,No,0,,,,,,
336584,336584,336584,10734,standing,Safe,No,0,,,,,,
336842,336842,336843,10746,standing,Safe,No,0,,,,,,
337022,337022,337023,10758,standing,Safe,No,0,,,,,,
337213,337214,337214,10770,standing,Safe,No,0,,,,,,
337484,337484,337485,10782,standing,Safe,No,0,,,,,,
337686,337687,337687,10794,standing,Safe,No,0,,,,,,
338024,338024,338024,10806,standing,Safe,No,0,,,,,,
338226,338226,338227,10818,standing,Safe,No,0,,,,,,
338417,338417,338418,10830,elbow_flexion,Risky,No,1,,,,,,
338710,338710,338710,10842,elbow_flexion,Risky,No,2,,,,,,
338890,338890,338891,10854,elbow_flexion,Risky,Yes,3,,,,,,
339160,339160,339161,10866,elbow_flexion,Risky,Yes,4,,,,,,
339430,339430,339431,10878,elbow_flexion,Risky,Yes,5,,,,,,
339700,339700,339701,10890,elbow_flexion,Risky,Yes,6,,,,,,
339981,339981,339982,10902,elbow_flexion,Risky,Yes,7,,,,,,
340243,340243,340244,10914,elbow_flexion,Risky,Yes,8,,,,,,
340514,340515,340515,10926,elbow_flexion,Risky,Yes,9,,,,,,
340772,340772,340773,10938,elbow_flexion,Risky,Yes,10,,,,,,
341053,341053,341054,10950,elbow_flexion,Risky,Yes,11,,,,,,
341318,341318,341319,10962,elbow_flexion,Risky,Yes,12,,,,,,
341599,341599,341600,10974,elbow_flexion,Risky,Yes,13,,,,,,
341864,341864,341865,10986,elbow_flexion,Risky,Yes,14,,,,,,
342129,342129,342130,10998,elbow_flexion,Risky,Yes,15,,,,,,
342405,342405,342406,11010,elbow_flexion,Risky,Yes,16,,,,,,
342672,342672,342673,11022,elbow_flexion,Risky,Yes,17,,,,,,
342935,342935,342936,11034,elbow_flexion,Risky,Yes,18,,,,,,
343204,343204,343205,11046,elbow_flexion,Risky,Yes,19,,,,,,
343464,343464,343465,11058,elbow_flexion,Risky,Yes,20,,,,,,
343727,343728,343729,11070,elbow_flexion,Risky,Yes,21,,,,,,
343990,343990,343991,11082,elbow_flexion,Risky,Yes,22,,,,,,
344270,344270,344271,11094,elbow_flexion,Risky,Yes,23,,,,,,
344534,344534,344535,11106,elbow_flexion,Risky,Yes,24,,,,,,
344798,344799,344799,11118,elbow_flexion,Risky,Yes,25,,,,,,
345063,345063,345064,11130,elbow_flexion,Risky,Yes,26,,,,,,
345327,345327,345328,11142,elbow_flexion,Risky,Yes,27,,,,,,
345595,345595,345596,11154,elbow_flexion,Risky,Yes,28,,,,,,
345854,345855,345855,11166,elbow_flexion,Risky,Yes,29,,,,,,
346118,346118,346119,11178,elbow_flexion,Risky,Yes,30,,,,,,
346383,346383,346384,11190,walking,Safe,No,0,,,,,,
346384,346384,346385,11202,walking,Safe,No,0,,,,,,
346398,346399,346399,11214,pronation,Safe,No,0,,,,,,
346400,346400,346401,11226,walking,Safe,No,0,,,,,,
346401,346401,346401,11238,walking,Safe,No,0,,,,,,
346401,346402,346402,11250,walking,Safe,No,0,,,,,,
346562,346563,346563,11262,walking,Safe,No,0,,,,,,
346799,346799,346799,11274,walking,Safe,No,0,,,,,,
347069,347069,347069,11286,walking,Safe,No,0,,,,,,
347237,347238,347238,11298,walking,Safe,No,0,,,,,,
347395,347395,347396,11310,walking,Safe,No,0,,,,,,
347642,347643,347643,11322,walking,Safe,No,0,,,,,,
347822,347822,347823,11334,walking,Safe,No,0,,,,,,
348081,348081,348082,11346,walking,Safe,No,0,,,,,,
348250,348250,348251,11358,walking,Safe,No,0,,,,,,
348418,348419,348419,11370,walking,Safe,No,0,,,,,,
348756,348756,348757,11382,walking,Safe,No,0,,,,,,
348981,348982,348982,11394,walking,Safe,No,0,,,,,,
349330,349330,349330,11406,walking,Safe,No,0,,,,,,
349487,349487,349488,11418,walking,Safe,No,0,,,,,,
349656,349656,349657,11430,walking,Safe,No,0,,,,,,
349892,349892,349893,11442,walking,Safe,No,0,,,,,,
350174,350174,350175,11454,walking,Safe,No,0,,,,,,
350522,350523,350523,11466,walking,Safe,No,0,,,,,,
350815,350815,350816,11478,walking,Safe,No,0,,,,,,
351130,351130,351130,11490,walking,Safe,No,0,,,,,,
351568,351569,351569,11502,walking,Safe,No,0,,,,,,
351771,351771,351772,11514,walking,Safe,No,0,,,,,,
352097,352098,352098,11526,walking,Safe,No,0,,,,,,
352288,352289,352289,11538,walking,Safe,No,0,,,,,,
352469,352469,352470,11550,standing,Safe,No,0,,,,,,
352828,352828,352829,11562,standing,Safe,No,0,,,,,,
353065,353065,353065,11574,standing,Safe,No,0,,,,,,
353335,353335,353336,11586,pronation,Safe,No,0,,,,,,
353594,353594,353595,11598,standing,Safe,No,0,,,,,,
353807,353808,353808,11610,walking,Safe,No,0,,,,,,
354122,354122,354123,11622,walking,Safe,No,0,,,,,,
354313,354314,354314,11634,walking,Safe,No,0,,,,,,
354651,354651,354652,11646,walking,Safe,No,0,,,,,,
354831,354831,354832,11658,walking,Safe,No,0,,,,,,
355011,355012,355012,11670,walking,Safe,No,0,,,,,,
355292,355292,355293,11682,walking,Safe,No,0,,,,,,
355517,355517,355518,11694,walking,Safe,No,0,,,,,,
355832,355832,355833,11706,walking,Safe,No,0,,,,,,
356001,356001,356002,11718,walking,Safe,No,0,,,,,,
356237,356237,356238,11730,walking,Safe,No,0,,,,,,
356507,356507,356508,11742,walking,Safe,No,0,,,,,,
356721,356721,356722,11754,walking,Safe,No,0,,,,,,
357013,357014,357014,11766,walking,Safe,No,0,,,,,,
357216,357216,357217,11778,walking,Safe,No,0,,,,,,
357407,357407,357408,11790,walking,Safe,No,0,,,,,,
357700,357700,357700,11802,walking,Safe,No,0,,,,,,
357857,357857,357858,11814,walking,Safe,No,0,,,,,,
358184,358184,358184,11826,walking,Safe,No,0,,,,,,
358431,358431,358432,11838,walking,Safe,No,0,,,,,,
358529,358529,358530,11850,walking,Safe,No,0,,,,,,
358971,358971,358972,11862,walking,Safe,No,0,,,,,,
359196,359196,359197,11874,walking,Safe,No,0,,,,,,
359544,359545,359545,11886,walking,Safe,No,0,,,,,,
359747,359747,359748,11898,walking,Safe,No,0,,,,,,
359938,359939,359939,11910,walking,Safe,No,0,,,,,,
360310,360310,360311,11922,walking,Safe,No,0,,,,,,
360568,360569,360569,11934,walking,Safe,No,0,,,,,,
360951,360951,360952,11946,walking,Safe,No,0,,,,,,
361209,361210,361210,11958,walking,Safe,No,0,,,,,,
361502,361503,361503,11970,walking,Safe,No,0,,,,,,
361795,361795,361796,11982,walking,Safe,No,0,,,,,,
362087,362087,362088,11994,walking,Safe,No,0,,,,,,
362571,362571,362572,12006,walking,Safe,No,0,,,,,,
362762,362762,362763,12018,walking,Safe,No,0,,,,,,
363010,363010,363011,12030,shoulder_adduction,Risky,No,1,,,,,,
363324,363325,363325,12042,shoulder_adduction,Risky,No,2,,,,,,
363516,363516,363517,12054,shoulder_adduction,Risky,Yes,3,,,,,,
363842,363842,363843,12066,sitting,Safe,No,0,,,,,,
364146,364146,364147,12078,sitting,Safe,No,0,,,,,,
364461,364461,364461,12090,sitting,Safe,No,0,,,,,,
364877,364877,364878,12102,standing,Safe,No,0,,,,,,
365113,365114,365114,12114,elbow_flexion,Risky,No,1,,,,,,
365743,365743,365744,12126,elbow_flexion,Risky,No,2,,,,,,
366351,366351,366352,12138,walking,Safe,No,0,,,,,,
366756,366756,366757,12150,standing,Safe,No,0,,,,,,
367094,367094,367094,12162,standing,Safe,No,0,,,,,,
367521,367521,367521,12174,standing,Safe,No,0,,,,,,
368139,368140,368140,12186,standing,Safe,No,0,,,,,,
368601,368601,368601,12198,standing,Safe,No,0,,,,,,
369028,369029,369029,12210,standing,Safe,No,0,,,,,,
369906,369906,369907,12222,standing,Safe,No,0,,,,,,
370569,370570,370570,12234,standing,Safe,No,0,,,,,,
371615,371616,371616,12246,standing,Safe,No,0,,,,,,
372021,372021,372021,12258,standing,Safe,No,0,,,,,,
372527,372527,372528,12270,standing,Safe,No,0,,,,,,
373326,373326,373326,12282,shoulder_adduction,Risky,No,1,,,,,,
373967,373967,373968,12294,elbow_flexion,Risky,No,2,,,,,,
374788,374788,374789,12306,elbow_flexion,Risky,Yes,3,,,,,,
375238,375238,375239,12318,elbow_flexion,Risky,Yes,4,,,,,,
375609,375609,375610,12330,standing,Safe,No,0,,,,,,
376194,376194,376195,12342,standing,Safe,No,0,,,,,,
376476,376476,376477,12354,standing,Safe,No,0,,,,,,
376858,376858,376859,12366,shoulder_adduction,Risky,No,1,,,,,,
377297,377297,377298,12378,walking,Safe,No,0,,,,,,
377579,377579,377580,12390,standing,Safe,No,0,,,,,,
378140,378141,378141,12402,standing,Safe,No,0,,,,,,
378534,378535,378535,12414,standing,Safe,No,0,,,,,,
379018,379018,379019,12426,standing,Safe,No,0,,,,,,
379221,379221,379221,12438,standing,Safe,No,0,,,,,,
379445,379446,379446,12450,standing,Safe,No,0,,,,,,
380042,380042,380043,12462,shoulder_adduction,Risky,No,1,,,,,,
380391,380391,380391,12474,shoulder_adduction,Risky,No,2,,,,,,
380841,380841,380841,12486,standing,Safe,No,0,,,,,,
381189,381190,381190,12498,standing,Safe,No,0,,,,,,
381414,381414,381415,12510,standing,Safe,No,0,,,,,,
381763,381763,381764,12522,standing,Safe,No,0,,,,,,
382123,382123,382124,12534,standing,Safe,No,0,,,,,,
382551,382551,382551,12546,standing,Safe,No,0,,,,,,
382821,382821,382822,12558,sitting,Safe,No,0,,,,,,
383068,383068,383069,12570,sitting,Safe,No,0,,,,,,
383518,383519,383519,12582,standing,Safe,No,0,,,,,,
383945,383946,383946,12594,standing,Safe,No,0,,,,,,
384452,384452,384453,12606,standing,Safe,No,0,,,,,,
384924,384924,384925,12618,standing,Safe,No,0,,,,,,
385318,385318,385319,12630,standing,Safe,No,0,,,,,,
385847,385847,385848,12642,standing,Safe,No,0,,,,,,
386150,386151,386151,12654,standing,Safe,No,0,,,,,,
386634,386634,386635,12666,standing,Safe,No,0,,,,,,
386915,386916,386916,12678,standing,Safe,No,0,,,,,,
387298,387298,387299,12690,standing,Safe,No,0,,,,,,
387973,387973,387974,12702,standing,Safe,No,0,,,,,,
388232,388232,388233,12714,standing,Safe,No,0,,,,,,
388772,388772,388772,12726,standing,Safe,No,0,,,,,,
389334,389334,389335,12738,standing,Safe,No,0,,,,,,
389762,389762,389762,12750,standing,Safe,No,0,,,,,,
390268,390268,390269,12762,elbow_flexion,Risky,No,1,,,,,,
390707,390707,390708,12774,elbow_flexion,Risky,No,2,,,,,,
391652,391652,391653,12786,elbow_flexion,Risky,Yes,3,,,,,,
392124,392124,392125,12798,elbow_flexion,Risky,Yes,4,,,,,,
392484,392485,392485,12810,elbow_flexion,Risky,Yes,5,,,,,,
393137,393137,393137,12822,elbow_flexion,Risky,Yes,6,,,,,,
393407,393407,393408,12834,sitting,Safe,No,0,,,,,,
393846,393846,393847,12846,sitting,Safe,No,0,,,,,,
394194,394194,394195,12858,sitting,Safe,No,0,,,,,,
394532,394532,394532,12870,sitting,Safe,No,0,,,,,,
394982,394982,394983,12882,sitting,Safe,No,0,,,,,,
395319,395319,395320,12894,sitting,Safe,No,0,,,,,,
395713,395713,395714,12906,sitting,Safe,No,0,,,,,,
395938,395938,395939,12918,sitting,Safe,No,0,,,,,,
396152,396152,396152,12930,sitting,Safe,No,0,,,,,,
396444,396444,396445,12942,sitting,Safe,No,0,,,,,,
396692,396692,396693,12954,sitting,Safe,No,0,,,,,,
396996,396996,396997,12966,sitting,Safe,No,0,,,,,,
397243,397243,397244,12978,sitting,Safe,No,0,,,,,,
397479,397479,397480,12990,sitting,Safe,No,0,,,,,,
397805,397806,397806,13002,sitting,Safe,No,0,,,,,,
398030,398031,398031,13014,sitting,Safe,No,0,,,,,,
398458,398458,398459,13026,sitting,Safe,No,0,,,,,,
398762,398762,398762,13038,sitting,Safe,No,0,,,,,,
399020,399020,399021,13050,sitting,Safe,No,0,,,,,,
399403,399403,399404,13062,sitting,Safe,No,0,,,,,,
399616,399617,399617,13074,sitting,Safe,No,0,,,,,,
400066,400067,400067,13086,sitting,Safe,No,0,,,,,,
400438,400438,400439,13098,sitting,Safe,No,0,,,,,,
400877,400877,400877,13110,sitting,Safe,No,0,,,,,,
401428,401428,401429,13122,sitting,Safe,No,0,,,,,,
401687,401687,401688,13134,sitting,Safe,No,0,,,,,,
402226,402226,402227,13146,sitting,Safe,No,0,,,,,,
402564,402564,402565,13158,sitting,Safe,No,0,,,,,,
402969,402969,402970,13170,sitting,Safe,No,0,,,,,,
403374,403374,403375,13182,sitting,Safe,No,0,,,,,,
403835,403835,403836,13194,sitting,Safe,No,0,,,,,,
404330,404330,404331,13206,sitting,Safe,No,0,,,,,,
404735,404735,404736,13218,sitting,Safe,No,0,,,,,,
405017,405017,405017,13230,sitting,Safe,No,0,,,,,,
405410,405410,405411,13242,sitting,Safe,No,0,,,,,,
405714,405714,405715,13254,sitting,Safe,No,0,,,,,,
406108,406108,406108,13266,sitting,Safe,No,0,,,,,,
406333,406333,406333,13278,sitting,Safe,No,0,,,,,,
406580,406580,406581,13290,sitting,Safe,No,0,,,,,,
407042,407042,407045,13302,sitting,Safe,No,0,,,,,,
407638,407638,407639,13314,sitting,Safe,No,0,,,,,,
408268,408268,408269,13326,sitting,Safe,No,0,,,,,,
408515,408515,408516,13338,sitting,Safe,No,0,,,,,,
408920,408921,408921,13350,sitting,Safe,No,0,,,,,,
409404,409404,409405,13362,sitting,Safe,No,0,,,,,,
409787,409787,409788,13374,sitting,Safe,No,0,,,,,,
410529,410529,410530,13386,sitting,Safe,No,0,,,,,,
410911,410911,410912,13398,sitting,Safe,No,0,,,,,,
411215,411215,411216,13410,sitting,Safe,No,0,,,,,,
411620,411620,411621,13422,sitting,Safe,No,0,,,,,,
412183,412183,412183,13434,sitting,Safe,No,0,,,,,,
412700,412700,412701,13446,sitting,Safe,No,0,,,,,,
412993,412993,412994,13458,sitting,Safe,No,0,,,,,,
413432,413432,413433,13470,sitting,Safe,No,0,,,,,,
413968,413968,413969,13482,sitting,Safe,No,0,,,,,,
414111,414111,414112,13494,sitting,Safe,No,0,,,,,,
415153,415153,415153,13506,sitting,Safe,No,0,,,,,,
415378,415378,415378,13518,sitting,Safe,No,0,,,,,,
415636,415637,415637,13530,sitting,Safe,No,0,,,,,,
415997,415997,415997,13542,sitting,Safe,No,0,,,,,,
416188,416188,416188,13554,sitting,Safe,No,0,,,,,,
416480,416480,416481,13566,sitting,Safe,No,0,,,,,,
416694,416694,416695,13578,sitting,Safe,No,0,,,,,,
416896,416896,416897,13590,sitting,Safe,No,0,,,,,,
417313,417313,417313,13602,sitting,Safe,No,0,,,,,,
417537,417538,417538,13614,sitting,Safe,No,0,,,,,,
417807,417808,417808,13626,sitting,Safe,No,0,,,,,,
417977,417977,417977,13638,sitting,Safe,No,0,,,,,,
418190,418190,418191,13650,sitting,Safe,No,0,,,,,,
418516,418516,418517,13662,sitting,Safe,No,0,,,,,,
418741,418742,418742,13674,sitting,Safe,No,0,,,,,,
419022,419023,419023,13686,sitting,Safe,No,0,,,,,,
419282,419282,419283,13698,sitting,Safe,No,0,,,,,,
419517,419518,419518,13710,sitting,Safe,No,0,,,,,,
419866,419867,419867,13722,sitting,Safe,No,0,,,,,,
420204,420204,420205,13734,sitting,Safe,No,0,,,,,,
420530,420530,420531,13746,sitting,Safe,No,0,,,,,,
420778,420778,420779,13758,sitting,Safe,No,0,,,,,,
421014,421014,421015,13770,sitting,Safe,No,0,,,,,,
421351,421352,421352,13782,sitting,Safe,No,0,,,,,,
421599,421599,421599,13794,sitting,Safe,No,0,,,,,,
421970,421971,421971,13806,sitting,Safe,No,0,,,,,,
422206,422207,422207,13818,sitting,Safe,No,0,,,,,,
422454,422454,422455,13830,sitting,Safe,No,0,,,,,,
422724,422724,422724,13842,sitting,Safe,No,0,,,,,,
422960,422960,422961,13854,sitting,Safe,No,0,,,,,,
423331,423331,423332,13866,sitting,Safe,No,0,,,,,,
423590,423590,423591,13878,sitting,Safe,No,0,,,,,,
423849,423849,423849,13890,sitting,Safe,No,0,,,,,,
424231,424232,424232,13902,sitting,Safe,No,0,,,,,,
424490,424490,424491,13914,sitting,Safe,No,0,,,,,,
424962,424963,424963,13926,sitting,Safe,No,0,,,,,,
425311,425311,425312,13938,sitting,Safe,No,0,,,,,,
425593,425593,425593,13950,sitting,Safe,No,0,,,,,,
426077,426077,426077,13962,sitting,Safe,No,0,,,,,,
426526,426526,426527,13974,sitting,Safe,No,0,,,,,,
426864,426864,426864,13986,sitting,Safe,No,0,,,,,,
427224,427224,427225,13998,sitting,Safe,No,0,,,,,,
427820,427820,427821,14010,sitting,Safe,No,0,,,,,,
428349,428349,428349,14022,sitting,Safe,No,0,,,,,,
428563,428563,428563,14034,sitting,Safe,No,0,,,,,,
429013,429013,429014,14046,sitting,Safe,No,0,,,,,,
429305,429305,429306,14058,elbow_flexion,Risky,No,1,,,,,,
429541,429541,429542,14070,elbow_flexion,Risky,No,2,,,,,,
429946,429946,429947,14082,walking,Safe,No,0,,,,,,
430362,430362,430363,14094,walking,Safe,No,0,,,,,,
430722,430723,430723,14106,walking,Safe,No,0,,,,,,
431004,431004,431005,14118,walking,Safe,No,0,,,,,,
431364,431364,431365,14130,walking,Safe,No,0,,,,,,
431915,431915,431916,14142,walking,Safe,No,0,,,,,,
432399,432399,432400,14154,walking,Safe,No,0,,,,,,
432905,432905,432906,14166,walking,Safe,No,0,,,,,,
433242,433243,433243,14178,shoulder_adduction,Risky,No,1,,,,,,
433422,433422,433423,14190,shoulder_adduction,Risky,No,2,,,,,,
433692,433692,433693,14202,walking,Safe,No,0,,,,,,
433985,433985,433986,14214,walking,Safe,No,0,,,,,,
434300,434300,434301,14226,walking,Safe,No,0,,,,,,
434615,434615,434616,14238,walking,Safe,No,0,,,,,,
434840,434840,434841,14250,walking,Safe,No,0,,,,,,
435099,435099,435100,14262,walking,Safe,No,0,,,,,,
435301,435301,435302,14274,walking,Safe,No,0,,,,,,
435627,435627,435628,14286,walking,Safe,No,0,,,,,,
435830,435830,435831,14298,shoulder_adduction,Risky,No,1,,,,,,
436044,436044,436044,14310,shoulder_adduction,Risky,No,2,,,,,,
436187,436188,436188,14322,shoulder_adduction,Risky,Yes,3,,,,,,
436469,436470,436470,14334,shoulder_adduction,Risky,Yes,4,,,,,,
436750,436750,436751,14346,shoulder_adduction,Risky,Yes,5,,,,,,
437029,437029,437030,14358,shoulder_adduction,Risky,Yes,6,,,,,,
437309,437310,437310,14370,shoulder_adduction,Risky,Yes,7,,,,,,
437579,437579,437580,14382,shoulder_adduction,Risky,Yes,8,,,,,,
437838,437838,437839,14394,walking,Safe,No,0,,,,,,
437853,437854,437854,14406,shoulder_adduction,Risky,No,1,,,,,,
437990,437990,437990,14418,shoulder_adduction,Risky,No,2,,,,,,
438192,438192,438193,14430,shoulder_adduction,Risky,Yes,3,,,,,,
438462,438463,438463,14442,walking,Safe,No,0,,,,,,
438642,438642,438643,14454,pronation,Safe,No,0,,,,,,
438923,438924,438924,14466,pronation,Safe,No,0,,,,,,
439081,439081,439082,14478,walking,Safe,No,0,,,,,,
439283,439284,439284,14490,walking,Safe,No,0,,,,,,
439554,439554,439554,14502,walking,Safe,No,0,,,,,,
439756,439756,439757,14514,walking,Safe,No,0,,,,,,
440026,440027,440027,14526,standing,Safe,No,0,,,,,,
440206,440206,440207,14538,standing,Safe,No,0,,,,,,
440408,440409,440409,14550,walking,Safe,No,0,,,,,,
440690,440690,440691,14562,standing,Safe,No,0,,,,,,
440881,440881,440882,14574,standing,Safe,No,0,,,,,,
441129,441129,441130,14586,standing,Safe,No,0,,,,,,
441308,441309,441309,14598,walking,Safe,No,0,,,,,,
441511,441511,441512,14610,walking,Safe,No,0,,,,,,
441792,441792,441793,14622,standing,Safe,No,0,,,,,,
441995,441995,441996,14634,standing,Safe,No,0,,,,,,
442242,442242,442243,14646,standing,Safe,No,0,,,,,,
442411,442411,442412,14658,standing,Safe,No,0,,,,,,
442591,442591,442592,14670,standing,Safe,No,0,,,,,,
442850,442850,442850,14682,standing,Safe,No,0,,,,,,
443019,443019,443020,14694,standing,Safe,No,0,,,,,,
443288,443289,443289,14706,standing,Safe,No,0,,,,,,
443502,443502,443503,14718,elbow_flexion,Risky,No,1,,,,,,
443694,443694,443694,14730,walking,Safe,No,0,,,,,,
443975,443975,443976,14742,shoulder_adduction,Risky,No,1,,,,,,
444144,444144,444144,14754,shoulder_adduction,Risky,No,2,,,,,,
444470,444470,444471,14766,shoulder_adduction,Risky,Yes,3,,,,,,
444737,444737,444738,14778,shoulder_adduction,Risky,Yes,4,,,,,,
445018,445019,445019,14790,walking,Safe,No,0,,,,,,
445156,445156,445157,14802,walking,Safe,No,0,,,,,,
445347,445347,445348,14814,walking,Safe,No,0,,,,,,
445595,445595,445596,14826,shoulder_adduction,Risky,No,1,,,,,,
445764,445764,445764,14838,walking,Safe,No,0,,,,,,
446011,446011,446012,14850,walking,Safe,No,0,,,,,,
446281,446281,446282,14862,walking,Safe,No,0,,,,,,
446438,446439,446439,14874,walking,Safe,No,0,,,,,,
446709,446709,446709,14886,walking,Safe,No,0,,,,,,
446866,446866,446867,14898,walking,Safe,No,0,,,,,,
447102,447102,447103,14910,walking,Safe,No,0,,,,,,
447395,447395,447396,14922,walking,Safe,No,0,,,,,,
447597,447598,447598,14934,walking,Safe,No,0,,,,,,
447901,447901,447902,14946,standing,Safe,No,0,,,,,,
448115,448115,448115,14958,standing,Safe,No,0,,,,,,
448295,448295,448295,14970,elbow_flexion,Risky,No,1,,,,,,
448587,448587,448588,14982,elbow_flexion,Risky,No,2,,,,,,
448812,448813,448813,14994,elbow_flexion,Risky,Yes,3,,,,,,
449116,449116,449117,15006,elbow_flexion,Risky,Yes,4,,,,,,
449380,449380,449381,15018,elbow_flexion,Risky,Yes,5,,,,,,
449656,449657,449658,15030,elbow_flexion,Risky,Yes,6,,,,,,
449935,449936,449937,15042,elbow_flexion,Risky,Yes,7,,,,,,
450197,450197,450198,15054,elbow_flexion,Risky,Yes,8,,,,,,
450476,450477,450477,15066,elbow_flexion,Risky,Yes,9,,,,,,
450739,450739,450740,15078,walking,Safe,No,0,,,,,,
450740,450740,450741,15090,walking,Safe,No,0,,,,,,
450755,450755,450755,15102,walking,Safe,No,0,,,,,,
450871,450871,450872,15114,elbow_flexion,Risky,No,1,,,,,,
451118,451119,451119,15126,elbow_flexion,Risky,No,2,,,,,,
451377,451377,451378,15138,elbow_flexion,Risky,Yes,3,,,,,,
451655,451655,451656,15150,elbow_flexion,Risky,Yes,4,,,,,,
451962,451962,451963,15162,elbow_flexion,Risky,Yes,5,,,,,,
452230,452230,452231,15174,elbow_flexion,Risky,Yes,6,,,,,,
452510,452511,452511,15186,elbow_flexion,Risky,Yes,7,,,,,,
452791,452791,452792,15198,elbow_flexion,Risky,Yes,8,,,,,,
453071,453071,453072,15210,elbow_flexion,Risky,Yes,9,,,,,,
453351,453352,453353,15222,walking,Safe,No,0,,,,,,
453436,453436,453437,15234,elbow_flexion,Risky,No,1,,,,,,
453739,453740,453740,15246,elbow_flexion,Risky,No,2,,,,,,
453920,453920,453920,15258,elbow_flexion,Risky,Yes,3,,,,,,
454190,454190,454190,15270,elbow_flexion,Risky,Yes,4,,,,,,
454471,454471,454472,15282,elbow_flexion,Risky,Yes,5,,,,,,
454741,454741,454742,15294,elbow_flexion,Risky,Yes,6,,,,,,
455017,455017,455018,15306,elbow_flexion,Risky,Yes,7,,,,,,
455299,455299,455300,15318,elbow_flexion,Risky,Yes,8,,,,,,
455563,455563,455564,15330,elbow_flexion,Risky,Yes,9,,,,,,
455843,455843,455844,15342,elbow_flexion,Risky,Yes,10,,,,,,
456109,456109,456110,15354,elbow_flexion,Risky,Yes,11,,,,,,
456389,456389,456390,15366,elbow_flexion,Risky,Yes,12,,,,,,
456653,456653,456654,15378,elbow_flexion,Risky,Yes,13,,,,,,
456933,456933,456934,15390,elbow_flexion,Risky,Yes,14,,,,,,
457198,457198,457199,15402,elbow_flexion,Risky,Yes,15,,,,,,
457479,457479,457480,15414,elbow_flexion,Risky,Yes,16,,,,,,
457744,457744,457745,15426,elbow_flexion,Risky,Yes,17,,,,,,
458017,458017,458018,15438,elbow_flexion,Risky,Yes,18,,,,,,
458284,458284,458285,15450,elbow_flexion,Risky,Yes,19,,,,,,
458554,458555,458555,15462,elbow_flexion,Risky,Yes,20,,,,,,
458816,458816,458817,15474,elbow_flexion,Risky,Yes,21,,,,,,
459094,459095,459095,15486,elbow_flexion,Risky,Yes,22,,,,,,
459360,459360,459361,15498,elbow_flexion,Risky,Yes,23,,,,,,
459642,459642,459643,15510,elbow_flexion,Risky,Yes,24,,,,,,
459923,459923,459924,15522,elbow_flexion,Risky,Yes,25,,,,,,
460201,460202,460202,15534,elbow_flexion,Risky,Yes,26,,,,,,
460472,460473,460473,15546,elbow_flexion,Risky,Yes,27,,,,,,
460746,460746,460747,15558,elbow_flexion,Risky,Yes,28,,,,,,
461024,461024,461025,15570,walking,Safe,No,0,,,,,,
461345,461345,461345,15582,walking,Safe,No,0,,,,,,
461570,461570,461571,15594,walking,Safe,No,0,,,,,,
461963,461964,461964,15606,walking,Safe,No,0,,,,,,
462335,462335,462335,15618,walking,Safe,No,0,,,,,,
462638,462638,462639,15630,walking,Safe,No,0,,,,,,
463111,463111,463112,15642,walking,Safe,No,0,,,,,,
463448,463448,463449,15654,elbow_flexion,Risky,No,1,,,,,,
463786,463786,463787,15666,elbow_flexion,Risky,No,2,,,,,,
464078,464079,464079,15678,elbow_flexion,Risky,Yes,3,,,,,,
464348,464349,464349,15690,elbow_flexion,Risky,Yes,4,,,,,,
464708,464708,464709,15702,elbow_flexion,Risky,Yes,5,,,,,,
465034,465035,465035,15714,elbow_flexion,Risky,Yes,6,,,,,,
465665,465665,465665,15726,elbow_flexion,Risky,Yes,7,,,,,,
465923,465923,465924,15738,elbow_flexion,Risky,Yes,8,,,,,,
466238,466238,466239,15750,elbow_flexion,Risky,Yes,9,,,,,,
466531,466531,466532,15762,elbow_flexion,Risky,Yes,10,,,,,,
466805,466805,466806,15774,elbow_flexion,Risky,Yes,11,,,,,,
467076,467076,467077,15786,elbow_flexion,Risky,Yes,12,,,,,,
467347,467347,467348,15798,elbow_flexion,Risky,Yes,13,,,,,,
467626,467627,467628,15810,elbow_flexion,Risky,Yes,14,,,,,,
467904,467904,467905,15822,elbow_flexion,Risky,Yes,15,,,,,,
468167,468168,468168,15834,elbow_flexion,Risky,Yes,16,,,,,,
468446,468447,468447,15846,elbow_flexion,Risky,Yes,17,,,,,,
468712,468712,468713,15858,elbow_flexion,Risky,Yes,18,,,,,,
468974,468975,468975,15870,elbow_flexion,Risky,Yes,19,,,,,,
469242,469242,469243,15882,elbow_flexion,Risky,Yes,20,,,,,,
469501,469501,469502,15894,elbow_flexion,Risky,Yes,21,,,,,,
469765,469765,469766,15906,elbow_flexion,Risky,Yes,22,,,,,,
470046,470046,470047,15918,elbow_flexion,Risky,Yes,23,,,,,,
470313,470313,470314,15930,elbow_flexion,Risky,Yes,24,,,,,,
470575,470575,470576,15942,elbow_flexion,Risky,Yes,25,,,,,,
470839,470839,470840,15954,elbow_flexion,Risky,Yes,26,,,,,,
471118,471118,471119,15966,elbow_flexion,Risky,Yes,27,,,,,,
471382,471382,471383,15978,elbow_flexion,Risky,Yes,28,,,,,,
471647,471647,471648,15990,elbow_flexion,Risky,Yes,29,,,,,,
471910,471911,471912,16002,elbow_flexion,Risky,Yes,30,,,,,,
472172,472173,472173,16014,elbow_flexion,Risky,Yes,31,,,,,,
472452,472452,472453,16026,elbow_flexion,Risky,Yes,32,,,,,,
472715,472715,472716,16038,elbow_flexion,Risky,Yes,33,,,,,,
472980,472980,472981,16050,elbow_flexion,Risky,Yes,34,,,,,,
473245,473245,473246,16062,elbow_flexion,Risky,Yes,35,,,,,,
473509,473510,473510,16074,elbow_flexion,Risky,Yes,36,,,,,,
473775,473775,473776,16086,elbow_flexion,Risky,Yes,37,,,,,,
474056,474056,474057,16098,elbow_flexion,Risky,Yes,38,,,,,,
474317,474318,474318,16110,elbow_flexion,Risky,Yes,39,,,,,,
474580,474581,474581,16122,elbow_flexion,Risky,Yes,40,,,,,,
474845,474846,474846,16134,elbow_flexion,Risky,Yes,41,,,,,,
475110,475110,475111,16146,elbow_flexion,Risky,Yes,42,,,,,,
475371,475371,475372,16158,elbow_flexion,Risky,Yes,43,,,,,,
475633,475633,475634,16170,elbow_flexion,Risky,Yes,44,,,,,,
475914,475914,475915,16182,pronation,Safe,No,0,,,,,,
475915,475915,475916,16194,elbow_flexion,Risky,No,1,,,,,,
475916,475916,475917,16206,elbow_flexion,Risky,No,2,,,,,,
475917,475917,475917,16218,elbow_flexion,Risky,Yes,3,,,,,,
476179,476180,476180,16230,elbow_flexion,Risky,Yes,4,,,,,,
476445,476446,476446,16242,elbow_flexion,Risky,Yes,5,,,,,,
476708,476708,476709,16254,walking,Safe,No,0,,,,,,
476723,476723,476724,16266,walking,Safe,No,0,,,,,,
476724,476724,476725,16278,shoulder_adduction,Risky,No,1,,,,,,
476725,476725,476725,16290,shoulder_adduction,Risky,No,2,,,,,,
476835,476836,476836,16302,shoulder_adduction,Risky,Yes,3,,,,,,
477111,477111,477112,16314,shoulder_adduction,Risky,Yes,4,,,,,,
477387,477387,477388,16326,elbow_flexion,Risky,Yes,5,,,,,,
477657,477657,477658,16338,elbow_flexion,Risky,Yes,6,,,,,,
477920,477920,477921,16350,elbow_flexion,Risky,Yes,7,,,,,,
478200,478200,478201,16362,elbow_flexion,Risky,Yes,8,,,,,,
478480,478480,478481,16374,elbow_flexion,Risky,Yes,9,,,,,,
478761,478761,478762,16386,elbow_flexion,Risky,Yes,10,,,,,,
479027,479027,479028,16398,elbow_flexion,Risky,Yes,11,,,,,,
479299,479299,479300,16410,elbow_flexion,Risky,Yes,12,,,,,,
479552,479552,479553,16422,elbow_flexion,Risky,Yes,13,,,,,,
479817,479817,479818,16434,walking,Safe,No,0,,,,,,
479831,479832,479832,16446,walking,Safe,No,0,,,,,,
479832,479833,479833,16458,walking,Safe,No,0,,,,,,
479907,479907,479908,16470,walking,Safe,No,0,,,,,,
480188,480188,480189,16482,walking,Safe,No,0,,,,,,
480368,480368,480369,16494,walking,Safe,No,0,,,,,,
480661,480661,480662,16506,walking,Safe,No,0,,,,,,
480818,480818,480819,16518,walking,Safe,No,0,,,,,,
481020,481021,481021,16530,walking,Safe,No,0,,,,,,
481279,481280,481280,16542,walking,Safe,No,0,,,,,,
481459,481459,481460,16554,walking,Safe,No,0,,,,,,
481786,481786,481787,16566,walking,Safe,No,0,,,,,,
481977,481977,481978,16578,walking,Safe,No,0,,,,,,
482202,482202,482202,16590,walking,Safe,No,0,,,,,,
482528,482528,482529,16602,walking,Safe,No,0,,,,,,
482697,482697,482698,16614,elbow_flexion,Risky,No,1,,,,,,
482891,482891,482892,16626,elbow_flexion,Risky,No,2,,,,,,
482989,482990,482990,16638,elbow_flexion,Risky,Yes,3,,,,,,
483259,483259,483260,16650,standing,Safe,No,0,,,,,,
483462,483462,483463,16662,standing,Safe,No,0,,,,,,
483709,483710,483710,16674,pronation,Safe,No,0,,,,,,
484103,484103,484104,16686,pronation,Safe,No,0,,,,,,
484317,484317,484318,16698,pronation,Safe,No,0,,,,,,
484326,484326,484327,16710,pronation,Safe,No,0,,,,,,
484666,484666,484666,16722,standing,Safe,No,0,,,,,,
484834,484834,484835,16734,shoulder_adduction,Risky,No,1,,,,,,
485093,485093,485094,16746,shoulder_adduction,Risky,No,2,,,,,,
485262,485262,485262,16758,pronation,Safe,No,0,,,,,,
485442,485442,485442,16770,pronation,Safe,No,0,,,,,,
485712,485712,485713,16782,pronation,Safe,No,0,,,,,,
485915,485915,485915,16794,pronation,Safe,No,0,,,,,,
486195,486196,486196,16806,shoulder_adduction,Risky,No,1,,,,,,
486398,486398,486399,16818,shoulder_adduction,Risky,No,2,,,,,,
486578,486578,486579,16830,elbow_flexion,Risky,Yes,3,,,,,,
486871,486871,486871,16842,elbow_flexion,Risky,Yes,4,,,,,,
487147,487147,487148,16854,elbow_flexion,Risky,Yes,5,,,,,,
487523,487523,487524,16866,elbow_flexion,Risky,Yes,6,,,,,,
487800,487800,487801,16878,elbow_flexion,Risky,Yes,7,,,,,,
488080,488080,488081,16890,elbow_flexion,Risky,Yes,8,,,,,,
488360,488361,488361,16902,elbow_flexion,Risky,Yes,9,,,,,,
488641,488642,488642,16914,elbow_flexion,Risky,Yes,10,,,,,,
488918,488918,488919,16926,elbow_flexion,Risky,Yes,11,,,,,,
489201,489201,489202,16938,elbow_flexion,Risky,Yes,12,,,,,,
489478,489478,489479,16950,walking,Safe,No,0,,,,,,
489604,489604,489605,16962,walking,Safe,No,0,,,,,,
489829,489829,489830,16974,shoulder_adduction,Risky,No,1,,,,,,
490066,490066,490066,16986,shoulder_adduction,Risky,No,2,,,,,,
490160,490160,490161,16998,shoulder_adduction,Risky,Yes,3,,,,,,
490433,490433,490434,17010,shoulder_adduction,Risky,Yes,4,,,,,,
490713,490714,490714,17022,shoulder_adduction,Risky,Yes,5,,,,,,
490992,490992,490993,17034,shoulder_adduction,Risky,Yes,6,,,,,,
491271,491271,491272,17046,shoulder_adduction,Risky,Yes,7,,,,,,
491536,491536,491537,17058,shoulder_adduction,Risky,Yes,8,,,,,,
491801,491801,491802,17070,shoulder_adduction,Risky,Yes,9,,,,,,
492081,492081,492082,17082,shoulder_adduction,Risky,Yes,10,,,,,,
492347,492347,492348,17094,walking,Safe,No,0,,,,,,
492348,492348,492349,17106,shoulder_adduction,Risky,No,1,,,,,,
492349,492349,492350,17118,shoulder_adduction,Risky,No,2,,,,,,
492362,492362,492362,17130,shoulder_adduction,Risky,Yes,3,,,,,,
492630,492631,492631,17142,shoulder_adduction,Risky,Yes,4,,,,,,
492891,492892,492892,17154,shoulder_adduction,Risky,Yes,5,,,,,,
493169,493169,493170,17166,shoulder_adduction,Risky,Yes,6,,,,,,
493433,493434,493434,17178,shoulder_adduction,Risky,Yes,7,,,,,,
493698,493699,493699,17190,shoulder_adduction,Risky,Yes,8,,,,,,
493977,493977,493978,17202,shoulder_adduction,Risky,Yes,9,,,,,,
494243,494244,494244,17214,walking,Safe,No,0,,,,,,
494244,494245,494245,17226,walking,Safe,No,0,,,,,,
494259,494259,494260,17238,walking,Safe,No,0,,,,,,
494284,494284,494285,17250,shoulder_adduction,Risky,No,1,,,,,,
494576,494577,494577,17262,shoulder_adduction,Risky,No,2,,,,,,
494734,494734,494735,17274,shoulder_adduction,Risky,Yes,3,,,,,,
495128,495128,495129,17286,shoulder_adduction,Risky,Yes,4,,,,,,
495405,495405,495406,17298,shoulder_adduction,Risky,Yes,5,,,,,,
495683,495683,495684,17310,shoulder_adduction,Risky,Yes,6,,,,,,
496017,496017,496017,17322,shoulder_adduction,Risky,Yes,7,,,,,,
496290,496290,496291,17334,walking,Safe,No,0,,,,,,
496291,496291,496292,17346,walking,Safe,No,0,,,,,,
496511,496512,496512,17358,shoulder_adduction,Risky,No,1,,,,,,
496691,496692,496692,17370,shoulder_adduction,Risky,No,2,,,,,,
496962,496962,496962,17382,shoulder_adduction,Risky,Yes,3,,,,,,
497237,497238,497238,17394,shoulder_adduction,Risky,Yes,4,,,,,,
497517,497518,497519,17406,walking,Safe,No,0,,,,,,
497535,497536,497536,17418,walking,Safe,No,0,,,,,,
497693,497693,497694,17430,walking,Safe,No,0,,,,,,
497929,497929,497930,17442,walking,Safe,No,0,,,,,,
498098,498098,498099,17454,elbow_flexion,Risky,No,1,,,,,,
498357,498357,498358,17466,elbow_flexion,Risky,No,2,,,,,,
498537,498537,498538,17478,pronation,Safe,No,0,,,,,,
498705,498705,498706,17490,pronation,Safe,No,0,,,,,,
498986,498987,498987,17502,pronation,Safe,No,0,,,,,,
499144,499144,499145,17514,pronation,Safe,No,0,,,,,,
499414,499414,499415,17526,elbow_flexion,Risky,No,1,,,,,,
499583,499583,499584,17538,walking,Safe,No,0,,,,,,
499752,499752,499753,17550,walking,Safe,No,0,,,,,,
499988,499988,499989,17562,walking,Safe,No,0,,,,,,
500179,500179,500180,17574,walking,Safe,No,0,,,,,,
500438,500438,500438,17586,walking,Safe,No,0,,,,,,
500606,500607,500607,17598,walking,Safe,No,0,,,,,,
500843,500843,500844,17610,walking,Safe,No,0,,,,,,
501203,501203,501203,17622,pronation,Safe,No,0,,,,,,
501383,501383,501383,17634,pronation,Safe,No,0,,,,,,
501630,501630,501631,17646,walking,Safe,No,0,,,,,,
501821,501822,501822,17658,walking,Safe,No,0,,,,,,
502069,502069,502070,17670,walking,Safe,No,0,,,,,,
502384,502384,502385,17682,walking,Safe,No,0,,,,,,
502575,502576,502576,17694,elbow_flexion,Risky,No,1,,,,,,
502879,502879,502880,17706,elbow_flexion,Risky,No,2,,,,,,
503081,503082,503082,17718,elbow_flexion,Risky,Yes,3,,,,,,
503362,503362,503363,17730,elbow_flexion,Risky,Yes,4,,,,,,
503643,503643,503644,17742,elbow_flexion,Risky,Yes,5,,,,,,
503923,503923,503924,17754,pronation,Safe,No,0,,,,,,
503970,503970,503971,17766,pronation,Safe,No,0,,,,,,
504139,504139,504140,17778,pronation,Safe,No,0,,,,,,
504319,504319,504320,17790,pronation,Safe,No,0,,,,,,
504657,504657,504657,17802,pronation,Safe,No,0,,,,,,
504881,504882,504882,17814,pronation,Safe,No,0,,,,,,
505152,505152,505152,17826,pronation,Safe,No,0,,,,,,
505376,505376,505377,17838,pronation,Safe,No,0,,,,,,
505579,505579,505580,17850,pronation,Safe,No,0,,,,,,
505849,505849,505850,17862,pronation,Safe,No,0,,,,,,
506108,506108,506109,17874,pronation,Safe,No,0,,,,,,
506356,506356,506356,17886,pronation,Safe,No,0,,,,,,
506558,506558,506558,17898,elbow_flexion,Risky,No,1,,,,,,
506805,506805,506806,17910,elbow_flexion,Risky,No,2,,,,,,
507120,507120,507121,17922,elbow_flexion,Risky,Yes,3,,,,,,
507388,507389,507389,17934,pronation,Safe,No,0,,,,,,
507593,507593,507594,17946,pronation,Safe,No,0,,,,,,
507750,507750,507751,17958,pronation,Safe,No,0,,,,,,
507930,507931,507931,17970,pronation,Safe,No,0,,,,,,
508189,508189,508190,17982,pronation,Safe,No,0,,,,,,
508369,508369,508370,17994,pronation,Safe,No,0,,,,,,
508605,508605,508606,18006,pronation,Safe,No,0,,,,,,
508785,508785,508786,18018,elbow_flexion,Risky,No,1,,,,,,
508943,508943,508944,18030,elbow_flexion,Risky,No,2,,,,,,
509247,509247,509247,18042,elbow_flexion,Risky,Yes,3,,,,,,
509516,509516,509517,18054,elbow_flexion,Risky,Yes,4,,,,,,
509797,509797,509798,18066,elbow_flexion,Risky,Yes,5,,,,,,
510062,510062,510063,18078,elbow_flexion,Risky,Yes,6,,,,,,
510324,510324,510325,18090,elbow_flexion,Risky,Yes,7,,,,,,
510589,510589,510590,18102,elbow_flexion,Risky,Yes,8,,,,,,
510848,510849,510849,18114,pronation,Safe,No,0,,,,,,
510855,510855,510856,18126,pronation,Safe,No,0,,,,,,
510856,510856,510857,18138,pronation,Safe,No,0,,,,,,
511046,511047,511047,18150,pronation,Safe,No,0,,,,,,
511361,511362,511362,18162,pronation,Safe,No,0,,,,,,
511553,511553,511554,18174,pronation,Safe,No,0,,,,,,
511800,511800,511801,18186,pronation,Safe,No,0,,,,,,
511969,511969,511970,18198,pronation,Safe,No,0,,,,,,
512138,512138,512138,18210,elbow_flexion,Risky,No,1,,,,,,
512374,512374,512375,18222,elbow_flexion,Risky,No,2,,,,,,
512532,512532,512533,18234,elbow_flexion,Risky,Yes,3,,,,,,
512808,512808,512809,18246,pronation,Safe,No,0,,,,,,
512937,512937,512937,18258,pronation,Safe,No,0,,,,,,
513105,513105,513106,18270,pronation,Safe,No,0,,,,,,
513353,513353,513353,18282,pronation,Safe,No,0,,,,,,
513521,513522,513522,18294,shoulder_adduction,Risky,No,1,,,,,,
513758,513758,513759,18306,shoulder_adduction,Risky,No,2,,,,,,
513949,513949,513950,18318,shoulder_adduction,Risky,Yes,3,,,,,,
514216,514216,514217,18330,pronation,Safe,No,0,,,,,,
514387,514388,514388,18342,pronation,Safe,No,0,,,,,,
514545,514545,514546,18354,pronation,Safe,No,0,,,,,,
514793,514793,514793,18366,pronation,Safe,No,0,,,,,,
514950,514950,514951,18378,pronation,Safe,No,0,,,,,,
515141,515142,515142,18390,shoulder_adduction,Risky,No,1,,,,,,
515378,515378,515378,18402,pronation,Safe,No,0,,,,,,
515546,515546,515547,18414,pronation,Safe,No,0,,,,,,
515782,515783,515783,18426,shoulder_adduction,Risky,No,1,,,,,,
515951,515951,515952,18438,shoulder_adduction,Risky,No,2,,,,,,
516120,516120,516121,18450,shoulder_adduction,Risky,Yes,3,,,,,,
516401,516402,516402,18462,shoulder_adduction,Risky,Yes,4,,,,,,
516665,516665,516666,18474,shoulder_adduction,Risky,Yes,5,,,,,,
516941,516941,516942,18486,shoulder_adduction,Risky,Yes,6,,,,,,
517211,517211,517212,18498,shoulder_adduction,Risky,Yes,7,,,,,,
517470,517470,517471,18510,shoulder_adduction,Risky,Yes,8,,,,,,
517751,517751,517752,18522,shoulder_adduction,Risky,Yes,9,,,,,,
518014,518014,518015,18534,shoulder_adduction,Risky,Yes,10,,,,,,
518291,518291,518292,18546,shoulder_adduction,Risky,Yes,11,,,,,,
518557,518557,518558,18558,shoulder_adduction,Risky,Yes,12,,,,,,
518820,518821,518822,18570,shoulder_adduction,Risky,Yes,13,,,,,,
519099,519100,519101,18582,shoulder_adduction,Risky,Yes,14,,,,,,
519352,519352,519353,18594,shoulder_adduction,Risky,Yes,15,,,,,,
519615,519616,519616,18606,shoulder_adduction,Risky,Yes,16,,,,,,
519883,519883,519884,18618,shoulder_adduction,Risky,Yes,17,,,,,,
520159,520159,520160,18630,shoulder_adduction,Risky,Yes,18,,,,,,
520425,520425,520426,18642,shoulder_adduction,Risky,Yes,19,,,,,,
520690,520690,520691,18654,shoulder_adduction,Risky,Yes,20,,,,,,
520953,520953,520954,18666,sitting,Safe,No,0,,,,,,
520954,520954,520955,18678,sitting,Safe,No,0,,,,,,
520955,520955,520956,18690,sitting,Safe,No,0,,,,,,
520963,520963,520963,18702,shoulder_adduction,Risky,No,1,,,,,,
520963,520964,520964,18714,shoulder_adduction,Risky,No,2,,,,,,
520964,520965,520965,18726,shoulder_adduction,Risky,Yes,3,,,,,,
521232,521233,521234,18738,shoulder_adduction,Risky,Yes,4,,,,,,
521497,521498,521498,18750,shoulder_adduction,Risky,Yes,5,,,,,,
521777,521777,521778,18762,shoulder_adduction,Risky,Yes,6,,,,,,
522029,522029,522030,18774,shoulder_adduction,Risky,Yes,7,,,,,,
522310,522310,522311,18786,shoulder_adduction,Risky,Yes,8,,,,,,
522574,522574,522575,18798,shoulder_adduction,Risky,Yes,9,,,,,,
522838,522838,522839,18810,shoulder_adduction,Risky,Yes,10,,,,,,
523117,523117,523118,18822,shoulder_adduction,Risky,Yes,11,,,,,,
523381,523382,523382,18834,shoulder_adduction,Risky,Yes,12,,,,,,
523645,523646,523647,18846,shoulder_adduction,Risky,Yes,13,,,,,,
523909,523909,523910,18858,sitting,Safe,No,0,,,,,,
523925,523925,523926,18870,sitting,Safe,No,0,,,,,,
523926,523926,523927,18882,sitting,Safe,No,0,,,,,,
523927,523927,523928,18894,sitting,Safe,No,0,,,,,,
523928,523928,523929,18906,shoulder_adduction,Risky,No,1,,,,,,
523972,523973,523973,18918,shoulder_adduction,Risky,No,2,,,,,,
524130,524130,524131,18930,shoulder_adduction,Risky,Yes,3,,,,,,
524406,524406,524407,18942,shoulder_adduction,Risky,Yes,4,,,,,,
524686,524686,524687,18954,shoulder_adduction,Risky,Yes,5,,,,,,
524957,524957,524957,18966,shoulder_adduction,Risky,Yes,6,,,,,,
525230,525230,525231,18978,shoulder_adduction,Risky,Yes,7,,,,,,
525494,525494,525495,18990,shoulder_adduction,Risky,Yes,8,,,,,,
525766,525766,525767,19002,shoulder_adduction,Risky,Yes,9,,,,,,
526021,526022,526023,19014,shoulder_adduction,Risky,Yes,10,,,,,,
526286,526286,526287,19026,shoulder_adduction,Risky,Yes,11,,,,,,
526564,526564,526565,19038,shoulder_adduction,Risky,Yes,12,,,,,,
526827,526828,526828,19050,shoulder_adduction,Risky,Yes,13,,,,,,
527093,527093,527094,19062,shoulder_adduction,Risky,Yes,14,,,,,,
527354,527354,527355,19074,shoulder_adduction,Risky,Yes,15,,,,,,
527633,527633,527634,19086,shoulder_adduction,Risky,Yes,16,,,,,,
527898,527898,527899,19098,shoulder_adduction,Risky,Yes,17,,,,,,
528160,528160,528161,19110,shoulder_adduction,Risky,Yes,18,,,,,,
528424,528424,528425,19122,shoulder_adduction,Risky,Yes,19,,,,,,
528688,528689,528690,19134,shoulder_adduction,Risky,Yes,20,,,,,,
528956,528956,528957,19146,shoulder_adduction,Risky,Yes,21,,,,,,
529216,529217,529217,19158,shoulder_adduction,Risky,Yes,22,,,,,,
529478,529479,529479,19170,shoulder_adduction,Risky,Yes,23,,,,,,
529743,529743,529744,19182,shoulder_adduction,Risky,Yes,24,,,,,,
530009,530009,530010,19194,shoulder_adduction,Risky,Yes,25,,,,,,
530274,530274,530275,19206,shoulder_adduction,Risky,Yes,26,,,,,,
530536,530536,530537,19218,shoulder_adduction,Risky,Yes,27,,,,,,
530816,530816,530817,19230,sitting,Safe,No,0,,,,,,
530817,530818,530818,19242,shoulder_adduction,Risky,No,1,,,,,,
530819,530819,530819,19254,shoulder_adduction,Risky,No,2,,,,,,
530819,530819,530820,19266,shoulder_adduction,Risky,Yes,3,,,,,,
531080,531080,531081,19278,shoulder_adduction,Risky,Yes,4,,,,,,
531345,531345,531346,19290,shoulder_adduction,Risky,Yes,5,,,,,,
531607,531608,531608,19302,shoulder_adduction,Risky,Yes,6,,,,,,
531872,531872,531873,19314,shoulder_adduction,Risky,Yes,7,,,,,,
532134,532135,532136,19326,shoulder_adduction,Risky,Yes,8,,,,,,
532414,532414,532415,19338,shoulder_adduction,Risky,Yes,9,,,,,,
532678,532678,532679,19350,shoulder_adduction,Risky,Yes,10,,,,,,
532940,532941,532941,19362,sitting,Safe,No,0,,,,,,
532942,532942,532943,19374,sitting,Safe,No,0,,,,,,
532943,532943,532943,19386,sitting,Safe,No,0,,,,,,
532944,532944,532944,19398,sitting,Safe,No,0,,,,,,
532944,532945,532945,19410,sitting,Safe,No,0,,,,,,
532945,532945,532946,19422,sitting,Safe,No,0,,,,,,
532955,532955,532956,19434,sitting,Safe,No,0,,,,,,
532956,532956,532957,19446,sitting,Safe,No,0,,,,,,
532957,532957,532958,19458,sitting,Safe,No,0,,,,,,
532995,532995,532996,19470,sitting,Safe,No,0,,,,,,
533231,533231,533232,19482,sitting,Safe,No,0,,,,,,
533389,533389,533390,19494,sitting,Safe,No,0,,,,,,
533636,533636,533637,19506,shoulder_adduction,Risky,No,1,,,,,,
533794,533794,533794,19518,shoulder_adduction,Risky,No,2,,,,,,
533962,533962,533963,19530,shoulder_adduction,Risky,Yes,3,,,,,,
534241,534242,534242,19542,shoulder_adduction,Risky,Yes,4,,,,,,
534513,534514,534514,19554,shoulder_adduction,Risky,Yes,5,,,,,,
534787,534787,534788,19566,sitting,Safe,No,0,,,,,,
534788,534788,534789,19578,sitting,Safe,No,0,,,,,,
534930,534930,534931,19590,sitting,Safe,No,0,,,,,,
535177,535177,535178,19602,sitting,Safe,No,0,,,,,,
535335,535335,535336,19614,sitting,Safe,No,0,,,,,,
535582,535582,535583,19626,sitting,Safe,No,0,,,,,,
535740,535740,535741,19638,shoulder_adduction,Risky,No,1,,,,,,
535897,535898,535898,19650,shoulder_adduction,Risky,No,2,,,,,,
536134,536134,536135,19662,shoulder_adduction,Risky,Yes,3,,,,,,
536413,536414,536415,19674,shoulder_adduction,Risky,Yes,4,,,,,,
536685,536685,536686,19686,shoulder_adduction,Risky,Yes,5,,,,,,
536941,536942,536942,19698,shoulder_adduction,Risky,Yes,6,,,,,,
537220,537220,537221,19710,shoulder_adduction,Risky,Yes,7,,,,,,
537484,537484,537485,19722,shoulder_adduction,Risky,Yes,8,,,,,,
537759,537759,537760,19734,shoulder_adduction,Risky,Yes,9,,,,,,
538011,538012,538012,19746,shoulder_adduction,Risky,Yes,10,,,,,,
538273,538273,538274,19758,shoulder_adduction,Risky,Yes,11,,,,,,
538554,538554,538555,19770,shoulder_adduction,Risky,Yes,12,,,,,,
538818,538818,538819,19782,shoulder_adduction,Risky,Yes,13,,,,,,
539080,539080,539081,19794,shoulder_adduction,Risky,Yes,14,,,,,,
539344,539344,539345,19806,shoulder_adduction,Risky,Yes,15,,,,,,
539610,539610,539610,19818,shoulder_adduction,Risky,Yes,16,,,,,,
539870,539871,539871,19830,shoulder_adduction,Risky,Yes,17,,,,,,
540135,540135,540136,19842,shoulder_adduction,Risky,Yes,18,,,,,,
540397,540397,540398,19854,shoulder_adduction,Risky,Yes,19,,,,,,
540661,540662,540662,19866,shoulder_adduction,Risky,Yes,20,,,,,,
540944,540944,540945,19878,shoulder_adduction,Risky,Yes,21,,,,,,
541207,541208,541208,19890,shoulder_adduction,Risky,Yes,22,,,,,,
541470,541470,541471,19902,shoulder_adduction,Risky,Yes,23,,,,,,
541733,541734,541734,19914,shoulder_adduction,Risky,Yes,24,,,,,,
542000,542000,542001,19926,shoulder_adduction,Risky,Yes,25,,,,,,
542264,542265,542265,19938,shoulder_adduction,Risky,Yes,26,,,,,,
542529,542530,542530,19950,shoulder_adduction,Risky,Yes,27,,,,,,
542793,542794,542794,19962,shoulder_adduction,Risky,Yes,28,,,,,,
543055,543055,543056,19974,shoulder_adduction,Risky,Yes,29,,,,,,
543319,543320,543320,19986,shoulder_adduction,Risky,Yes,30,,,,,,
543572,543572,543573,19998,shoulder_adduction,Risky,Yes,31,,,,,,
543825,543826,543826,20010,shoulder_adduction,Risky,Yes,32,,,,,,
544077,544077,544078,20022,shoulder_adduction,Risky,Yes,33,,,,,,
544340,544340,544340,20034,shoulder_adduction,Risky,Yes,34,,,,,,
544592,544592,544593,20046,shoulder_adduction,Risky,Yes,35,,,,,,
544844,544844,544844,20058,shoulder_adduction,Risky,Yes,36,,,,,,
545097,545097,545098,20070,shoulder_adduction,Risky,Yes,37,,,,,,
545365,545365,545366,20082,shoulder_adduction,Risky,Yes,38,,,,,,
545630,545630,545631,20094,shoulder_adduction,Risky,Yes,39,,,,,,
545893,545894,545894,20106,shoulder_adduction,Risky,Yes,40,,,,,,
546155,546155,546156,20118,shoulder_adduction,Risky,Yes,41,,,,,,
546420,546420,546421,20130,shoulder_adduction,Risky,Yes,42,,,,,,
546684,546685,546685,20142,shoulder_adduction,Risky,Yes,43,,,,,,
546947,546948,546948,20154,shoulder_adduction,Risky,Yes,44,,,,,,
547211,547211,547212,20166,shoulder_adduction,Risky,Yes,45,,,,,,
547476,547476,547477,20178,shoulder_adduction,Risky,Yes,46,,,,,,
547740,547740,547741,20190,shoulder_adduction,Risky,Yes,47,,,,,,
548002,548002,548003,20202,shoulder_adduction,Risky,Yes,48,,,,,,
548266,548267,548267,20214,shoulder_adduction,Risky,Yes,49,,,,,,
548531,548531,548532,20226,shoulder_adduction,Risky,Yes,50,,,,,,
548793,548793,548793,20238,shoulder_adduction,Risky,Yes,51,,,,,,
549057,549057,549058,20250,shoulder_adduction,Risky,Yes,52,,,,,,
549321,549321,549322,20262,shoulder_adduction,Risky,Yes,53,,,,,,
549586,549586,549587,20274,shoulder_adduction,Risky,Yes,54,,,,,,
549850,549851,549851,20286,shoulder_adduction,Risky,Yes,55,,,,,,
550115,550115,550116,20298,shoulder_adduction,Risky,Yes,56,,,,,,
550381,550381,550382,20310,shoulder_adduction,Risky,Yes,57,,,,,,
550648,550648,550649,20322,shoulder_adduction,Risky,Yes,58,,,,,,
550911,550911,550912,20334,shoulder_adduction,Risky,Yes,59,,,,,,
551175,551175,551176,20346,shoulder_adduction,Risky,Yes,60,,,,,,
551438,551439,551439,20358,shoulder_adduction,Risky,Yes,61,,,,,,
551705,551705,551706,20370,shoulder_adduction,Risky,Yes,62,,,,,,
551969,551969,551970,20382,shoulder_adduction,Risky,Yes,63,,,,,,
552234,552234,552235,20394,shoulder_adduction,Risky,Yes,64,,,,,,
552498,552498,552499,20406,shoulder_adduction,Risky,Yes,65,,,,,,
552764,552764,552765,20418,shoulder_adduction,Risky,Yes,66,,,,,,
553028,553028,553029,20430,shoulder_adduction,Risky,Yes,67,,,,,,
553292,553292,553292,20442,shoulder_adduction,Risky,Yes,68,,,,,,
553557,553557,553558,20454,shoulder_adduction,Risky,Yes,69,,,,,,
553822,553822,553823,20466,shoulder_adduction,Risky,Yes,70,,,,,,
554084,554084,554085,20478,shoulder_adduction,Risky,Yes,71,,,,,,
554347,554347,554348,20490,shoulder_adduction,Risky,Yes,72,,,,,,
554612,554612,554613,20502,shoulder_adduction,Risky,Yes,73,,,,,,
554875,554876,554876,20514,shoulder_adduction,Risky,Yes,74,,,,,,
555138,555138,555139,20526,shoulder_adduction,Risky,Yes,75,,,,,,
555404,555404,555405,20538,shoulder_adduction,Risky,Yes,76,,,,,,
555666,555667,555667,20550,shoulder_adduction,Risky,Yes,77,,,,,,
555929,555930,555931,20562,walking,Safe,No,0,,,,,,
555931,555931,555932,20574,walking,Safe,No,0,,,,,,
555932,555932,555932,20586,shoulder_adduction,Risky,No,1,,,,,,
555932,555933,555933,20598,shoulder_adduction,Risky,No,2,,,,,,
555933,555933,555934,20610,shoulder_adduction,Risky,Yes,3,,,,,,
556193,556193,556194,20622,pronation,Safe,No,0,,,,,,
556194,556194,556195,20634,pronation,Safe,No,0,,,,,,
556195,556195,556195,20646,pronation,Safe,No,0,,,,,,
556196,556196,556196,20658,pronation,Safe,No,0,,,,,,
556198,556198,556199,20670,pronation,Safe,No,0,,,,,,
556199,556199,556199,20682,elbow_flexion,Risky,No,1,,,,,,
556200,556200,556200,20694,elbow_flexion,Risky,No,2,,,,,,
556200,556201,556201,20706,elbow_flexion,Risky,Yes,3,,,,,,
556458,556458,556459,20718,elbow_flexion,Risky,Yes,4,,,,,,
556723,556723,556724,20730,elbow_flexion,Risky,Yes,5,,,,,,
556988,556988,556989,20742,elbow_flexion,Risky,Yes,6,,,,,,
557250,557251,557251,20754,elbow_flexion,Risky,Yes,7,,,,,,
557513,557513,557514,20766,elbow_flexion,Risky,Yes,8,,,,,,
557779,557779,557780,20778,elbow_flexion,Risky,Yes,9,,,,,,
558039,558040,558041,20790,pronation,Safe,No,0,,,,,,
558041,558041,558042,20802,pronation,Safe,No,0,,,,,,
558042,558042,558042,20814,pronation,Safe,No,0,,,,,,
558043,558043,558043,20826,pronation,Safe,No,0,,,,,,
558044,558044,558044,20838,pronation,Safe,No,0,,,,,,
558044,558045,558045,20850,pronation,Safe,No,0,,,,,,
558045,558045,558046,20862,pronation,Safe,No,0,,,,,,
558054,558054,558055,20874,elbow_flexion,Risky,No,1,,,,,,
558055,558055,558056,20886,elbow_flexion,Risky,No,2,,,,,,
558056,558056,558056,20898,elbow_flexion,Risky,Yes,3,,,,,,
558319,558319,558319,20910,elbow_flexion,Risky,Yes,4,,,,,,
558582,558583,558583,20922,elbow_flexion,Risky,Yes,5,,,,,,
558847,558847,558848,20934,elbow_flexion,Risky,Yes,6,,,,,,
559111,559111,559112,20946,elbow_flexion,Risky,Yes,7,,,,,,
559374,559374,559375,20958,elbow_flexion,Risky,Yes,8,,,,,,
559639,559640,559641,20970,shoulder_adduction,Risky,Yes,9,,,,,,
559919,559919,559920,20982,pronation,Safe,No,0,,,,,,
559920,559920,559921,20994,shoulder_adduction,Risky,No,1,,,,,,
559921,559922,559922,21006,shoulder_adduction,Risky,No,2,,,,,,
559922,559922,559923,21018,walking,Safe,No,0,,,,,,
559923,559923,559923,21030,walking,Safe,No,0,,,,,,
559924,559924,559924,21042,walking,Safe,No,0,,,,,,
559924,559925,559925,21054,walking,Safe,No,0,,,,,,
559925,559925,559926,21066,walking,Safe,No,0,,,,,,
559926,559926,559926,21078,shoulder_adduction,Risky,No,1,,,,,,
559995,559995,559996,21090,shoulder_adduction,Risky,No,2,,,,,,
560231,560231,560231,21102,standing,Safe,No,0,,,,,,
560411,560411,560411,21114,standing,Safe,No,0,,,,,,
560681,560681,560681,21126,shoulder_adduction,Risky,No,1,,,,,,
560838,560838,560839,21138,shoulder_adduction,Risky,No,2,,,,,,
560996,560996,560996,21150,shoulder_adduction,Risky,Yes,3,,,,,,
561266,561266,561267,21162,shoulder_adduction,Risky,Yes,4,,,,,,
561545,561545,561546,21174,shoulder_adduction,Risky,Yes,5,,,,,,
561823,561823,561824,21186,shoulder_adduction,Risky,Yes,6,,,,,,
562102,562102,562103,21198,shoulder_adduction,Risky,Yes,7,,,,,,
562368,562368,562369,21210,shoulder_adduction,Risky,Yes,8,,,,,,
562646,562646,562647,21222,shoulder_adduction,Risky,Yes,9,,,,,,
562910,562910,562911,21234,standing,Safe,No,0,,,,,,
562926,562926,562927,21246,shoulder_adduction,Risky,No,1,,,,,,
562927,562927,562928,21258,pronation,Safe,No,0,,,,,,
563054,563054,563055,21270,pronation,Safe,No,0,,,,,,
563347,563347,563348,21282,pronation,Safe,No,0,,,,,,
563527,563527,563528,21294,pronation,Safe,No,0,,,,,,
563763,563764,563764,21306,pronation,Safe,No,0,,,,,,
563921,563921,563921,21318,pronation,Safe,No,0,,,,,,
564078,564078,564079,21330,pronation,Safe,No,0,,,,,,
564348,564348,564349,21342,pronation,Safe,No,0,,,,,,
564517,564517,564518,21354,pronation,Safe,No,0,,,,,,
564764,564764,564765,21366,pronation,Safe,No,0,,,,,,
564922,564922,564923,21378,pronation,Safe,No,0,,,,,,
565102,565102,565103,21390,shoulder_adduction,Risky,No,1,,,,,,
565350,565350,565350,21402,shoulder_adduction,Risky,No,2,,,,,,
565518,565518,565519,21414,shoulder_adduction,Risky,Yes,3,,,,,,
565788,565788,565789,21426,shoulder_adduction,Risky,Yes,4,,,,,,
566047,566047,566048,21438,shoulder_adduction,Risky,Yes,5,,,,,,
566325,566325,566326,21450,shoulder_adduction,Risky,Yes,6,,,,,,
566603,566603,566604,21462,standing,Safe,No,0,,,,,,
566604,566604,566605,21474,pronation,Safe,No,0,,,,,,
566789,566790,566790,21486,pronation,Safe,No,0,,,,,,
566947,566947,566948,21498,pronation,Safe,No,0,,,,,,
567116,567116,567117,21510,pronation,Safe,No,0,,,,,,
567352,567352,567353,21522,pronation,Safe,No,0,,,,,,
567543,567543,567544,21534,pronation,Safe,No,0,,,,,,
567779,567779,567780,21546,pronation,Safe,No,0,,,,,,
567948,567948,567949,21558,pronation,Safe,No,0,,,,,,
568128,568128,568129,21570,pronation,Safe,No,0,,,,,,
568376,568376,568376,21582,shoulder_adduction,Risky,No,1,,,,,,
568544,568545,568545,21594,walking,Safe,No,0,,,,,,
568792,568792,568793,21606,walking,Safe,No,0,,,,,,
568960,568961,568961,21618,elbow_flexion,Risky,No,1,,,,,,
569129,569129,569130,21630,elbow_flexion,Risky,No,2,,,,,,
569388,569389,569389,21642,elbow_flexion,Risky,Yes,3,,,,,,
569666,569667,569668,21654,elbow_flexion,Risky,Yes,4,,,,,,
569945,569945,569946,21666,elbow_flexion,Risky,Yes,5,,,,,,
570226,570227,570227,21678,elbow_flexion,Risky,Yes,6,,,,,,
570489,570489,570490,21690,walking,Safe,No,0,,,,,,
570505,570505,570506,21702,walking,Safe,No,0,,,,,,
570547,570547,570548,21714,walking,Safe,No,0,,,,,,
570817,570817,570818,21726,walking,Safe,No,0,,,,,,
570974,570975,570975,21738,elbow_flexion,Risky,No,1,,,,,,
571143,571143,571144,21750,elbow_flexion,Risky,No,2,,,,,,
571379,571380,571380,21762,elbow_flexion,Risky,Yes,3,,,,,,
571649,571650,571651,21774,elbow_flexion,Risky,Yes,4,,,,,,
571928,571928,571929,21786,elbow_flexion,Risky,Yes,5,,,,,,
572207,572207,572208,21798,elbow_flexion,Risky,Yes,6,,,,,,
572470,572471,572471,21810,sitting,Safe,No,0,,,,,,
572476,572477,572477,21822,elbow_flexion,Risky,No,1,,,,,,
572583,572583,572584,21834,elbow_flexion,Risky,No,2,,,,,,
572842,572842,572843,21846,elbow_flexion,Risky,Yes,3,,,,,,
573119,573119,573120,21858,elbow_flexion,Risky,Yes,4,,,,,,
573399,573400,573401,21870,elbow_flexion,Risky,Yes,5,,,,,,
573679,573679,573680,21882,elbow_flexion,Risky,Yes,6,,,,,,
573942,573942,573943,21894,elbow_flexion,Risky,Yes,7,,,,,,
574224,574225,574225,21906,pronation,Safe,No,0,,,,,,
574226,574226,574226,21918,pronation,Safe,No,0,,,,,,
574227,574227,574227,21930,pronation,Safe,No,0,,,,,,
574394,574394,574395,21942,elbow_flexion,Risky,No,1,,,,,,
574551,574552,574552,21954,elbow_flexion,Risky,No,2,,,,,,
574788,574788,574789,21966,elbow_flexion,Risky,Yes,3,,,,,,
575061,575062,575063,21978,elbow_flexion,Risky,Yes,4,,,,,,
575340,575340,575341,21990,elbow_flexion,Risky,Yes,5,,,,,,
575620,575620,575621,22002,elbow_flexion,Risky,Yes,6,,,,,,
575885,575885,575886,22014,elbow_flexion,Risky,Yes,7,,,,,,
576165,576166,576166,22026,elbow_flexion,Risky,Yes,8,,,,,,
576430,576431,576431,22038,elbow_flexion,Risky,Yes,9,,,,,,
576711,576711,576712,22050,elbow_flexion,Risky,Yes,10,,,,,,
576973,576974,576974,22062,elbow_flexion,Risky,Yes,11,,,,,,
577235,577235,577236,22074,elbow_flexion,Risky,Yes,12,,,,,,
577510,577511,577511,22086,elbow_flexion,Risky,Yes,13,,,,,,
577762,577763,577764,22098,elbow_flexion,Risky,Yes,14,,,,,,
578030,578030,578031,22110,pronation,Safe,No,0,,,,,,
578031,578031,578032,22122,pronation,Safe,No,0,,,,,,
578045,578045,578045,22134,pronation,Safe,No,0,,,,,,
578046,578046,578046,22146,pronation,Safe,No,0,,,,,,
578046,578047,578047,22158,pronation,Safe,No,0,,,,,,
578197,578197,578198,22170,pronation,Safe,No,0,,,,,,
578444,578444,578445,22182,pronation,Safe,No,0,,,,,,
578602,578602,578603,22194,pronation,Safe,No,0,,,,,,
578861,578861,578862,22206,pronation,Safe,No,0,,,,,,
579029,579029,579030,22218,pronation,Safe,No,0,,,,,,
579198,579198,579199,22230,pronation,Safe,No,0,,,,,,
579445,579446,579446,22242,pronation,Safe,No,0,,,,,,
579614,579614,579615,22254,pronation,Safe,No,0,,,,,,
579861,579862,579862,22266,pronation,Safe,No,0,,,,,,
580019,580020,580020,22278,pronation,Safe,No,0,,,,,,
580188,580188,580189,22290,pronation,Safe,No,0,,,,,,
580424,580425,580425,22302,pronation,Safe,No,0,,,,,,
580604,580604,580605,22314,shoulder_adduction,Risky,No,1,,,,,,
580840,580841,580841,22326,shoulder_adduction,Risky,No,2,,,,,,
580998,580998,580999,22338,shoulder_adduction,Risky,Yes,3,,,,,,
581278,581278,581279,22350,elbow_flexion,Risky,Yes,4,,,,,,
581555,581555,581556,22362,elbow_flexion,Risky,Yes,5,,,,,,
581836,581836,581837,22374,elbow_flexion,Risky,Yes,6,,,,,,
582100,582100,582101,22386,elbow_flexion,Risky,Yes,7,,,,,,
582379,582379,582380,22398,elbow_flexion,Risky,Yes,8,,,,,,
582643,582643,582644,22410,elbow_flexion,Risky,Yes,9,,,,,,
582907,582907,582908,22422,elbow_flexion,Risky,Yes,10,,,,,,
583187,583188,583189,22434,elbow_flexion,Risky,Yes,11,,,,,,
583451,583451,583451,22446,walking,Safe,No,0,,,,,,
583452,583452,583452,22458,walking,Safe,No,0,,,,,,
583453,583453,583453,22470,walking,Safe,No,0,,,,,,
583462,583462,583462,22482,walking,Safe,No,0,,,,,,
583563,583563,583564,22494,walking,Safe,No,0,,,,,,
583844,583844,583845,22506,walking,Safe,No,0,,,,,,
584024,584024,584025,22518,walking,Safe,No,0,,,,,,
584193,584193,584194,22530,shoulder_adduction,Risky,No,1,,,,,,
584463,584463,584464,22542,shoulder_adduction,Risky,No,2,,,,,,
584620,584621,584621,22554,shoulder_adduction,Risky,Yes,3,,,,,,
584901,584901,584902,22566,shoulder_adduction,Risky,Yes,4,,,,,,
585183,585183,585184,22578,shoulder_adduction,Risky,Yes,5,,,,,,
585465,585465,585466,22590,shoulder_adduction,Risky,Yes,6,,,,,,
585730,585730,585731,22602,pronation,Safe,No,0,,,,,,
585745,585746,585746,22614,pronation,Safe,No,0,,,,,,
585858,585858,585859,22626,pronation,Safe,No,0,,,,,,
586038,586038,586039,22638,pronation,Safe,No,0,,,,,,
586195,586195,586196,22650,pronation,Safe,No,0,,,,,,
586443,586443,586444,22662,pronation,Safe,No,0,,,,,,
586600,586601,586601,22674,standing,Safe,No,0,,,,,,
586837,586837,586837,22686,standing,Safe,No,0,,,,,,
586994,586994,586995,22698,pronation,Safe,No,0,,,,,,
587152,587152,587152,22710,pronation,Safe,No,0,,,,,,
587399,587399,587400,22722,elbow_flexion,Risky,No,1,,,,,,
587579,587579,587580,22734,elbow_flexion,Risky,No,2,,,,,,
587815,587816,587816,22746,elbow_flexion,Risky,Yes,3,,,,,,
588088,588089,588090,22758,elbow_flexion,Risky,Yes,4,,,,,,
588369,588369,588370,22770,elbow_flexion,Risky,Yes,5,,,,,,
588642,588642,588643,22782,elbow_flexion,Risky,Yes,6,,,,,,
588902,588902,588903,22794,elbow_flexion,Risky,Yes,7,,,,,,
589182,589182,589183,22806,elbow_flexion,Risky,Yes,8,,,,,,
589445,589445,589446,22818,elbow_flexion,Risky,Yes,9,,,,,,
589716,589717,589717,22830,elbow_flexion,Risky,Yes,10,,,,,,
589973,589973,589974,22842,standing,Safe,No,0,,,,,,
589975,589975,589975,22854,standing,Safe,No,0,,,,,,
589988,589988,589989,22866,standing,Safe,No,0,,,,,,
590043,590043,590044,22878,standing,Safe,No,0,,,,,,
590200,590200,590201,22890,shoulder_adduction,Risky,No,1,,,,,,
590448,590448,590448,22902,shoulder_adduction,Risky,No,2,,,,,,
590628,590628,590629,22914,shoulder_adduction,Risky,Yes,3,,,,,,
590901,590901,590902,22926,shoulder_adduction,Risky,Yes,4,,,,,,
591181,591181,591182,22938,shoulder_adduction,Risky,Yes,5,,,,,,
591460,591460,591461,22950,shoulder_adduction,Risky,Yes,6,,,,,,
591740,591740,591741,22962,shoulder_adduction,Risky,Yes,7,,,,,,
592003,592003,592004,22974,standing,Safe,No,0,,,,,,
592018,592018,592019,22986,standing,Safe,No,0,,,,,,
592124,592124,592125,22998,standing,Safe,No,0,,,,,,
592282,592282,592283,23010,elbow_flexion,Risky,No,1,,,,,,
592529,592529,592530,23022,elbow_flexion,Risky,No,2,,,,,,
592721,592721,592721,23034,elbow_flexion,Risky,Yes,3,,,,,,
592996,592996,592997,23046,elbow_flexion,Risky,Yes,4,,,,,,
593276,593276,593277,23058,elbow_flexion,Risky,Yes,5,,,,,,
593547,593547,593548,23070,elbow_flexion,Risky,Yes,6,,,,,,
593802,593802,593803,23082,elbow_flexion,Risky,Yes,7,,,,,,
594080,594080,594082,23094,elbow_flexion,Risky,Yes,8,,,,,,
594346,594346,594347,23106,elbow_flexion,Risky,Yes,9,,,,,,
594624,594625,594626,23118,elbow_flexion,Risky,Yes,10,,,,,,
594886,594887,594887,23130,pronation,Safe,No,0,,,,,,
594902,594902,594903,23142,standing,Safe,No,0,,,,,,
594903,594903,594904,23154,standing,Safe,No,0,,,,,,
595128,595128,595129,23166,standing,Safe,No,0,,,,,,
595308,595308,595308,23178,standing,Safe,No,0,,,,,,
595510,595510,595511,23190,elbow_flexion,Risky,No,1,,,,,,
595769,595769,595770,23202,elbow_flexion,Risky,No,2,,,,,,
595938,595938,595939,23214,elbow_flexion,Risky,Yes,3,,,,,,
596219,596220,596220,23226,elbow_flexion,Risky,Yes,4,,,,,,
596497,596497,596498,23238,elbow_flexion,Risky,Yes,5,,,,,,
596778,596779,596780,23250,shoulder_adduction,Risky,Yes,6,,,,,,
597045,597046,597046,23262,elbow_flexion,Risky,Yes,7,,,,,,
597323,597323,597324,23274,elbow_flexion,Risky,Yes,8,,,,,,
597601,597602,597602,23286,elbow_flexion,Risky,Yes,9,,,,,,
597865,597865,597866,23298,elbow_flexion,Risky,Yes,10,,,,,,
598145,598146,598147,23310,elbow_flexion,Risky,Yes,11,,,,,,
598410,598411,598411,23322,elbow_flexion,Risky,Yes,12,,,,,,
598674,598674,598675,23334,elbow_flexion,Risky,Yes,13,,,,,,
598947,598947,598948,23346,elbow_flexion,Risky,Yes,14,,,,,,
599202,599203,599203,23358,elbow_flexion,Risky,Yes,15,,,,,,
599467,599467,599468,23370,elbow_flexion,Risky,Yes,16,,,,,,
599745,599745,599746,23382,elbow_flexion,Risky,Yes,17,,,,,,
600010,600010,600012,23394,elbow_flexion,Risky,Yes,18,,,,,,
600273,600273,600274,23406,elbow_flexion,Risky,Yes,19,,,,,,
600537,600537,600538,23418,elbow_flexion,Risky,Yes,20,,,,,,
600818,600818,600819,23430,shoulder_adduction,Risky,Yes,21,,,,,,
601082,601082,601083,23442,elbow_flexion,Risky,Yes,22,,,,,,
601349,601350,601350,23454,shoulder_adduction,Risky,Yes,23,,,,,,
601614,601615,601616,23466,shoulder_adduction,Risky,Yes,24,,,,,,
601893,601893,601894,23478,shoulder_adduction,Risky,Yes,25,,,,,,
602155,602156,602156,23490,shoulder_adduction,Risky,Yes,26,,,,,,
602420,602421,602422,23502,shoulder_adduction,Risky,Yes,27,,,,,,
602686,602686,602687,23514,shoulder_adduction,Risky,Yes,28,,,,,,
602967,602967,602968,23526,walking,Safe,No,0,,,,,,
602968,602968,602969,23538,walking,Safe,No,0,,,,,,
602969,602969,602970,23550,elbow_flexion,Risky,No,1,,,,,,
602970,602970,602970,23562,elbow_flexion,Risky,No,2,,,,,,
602971,602971,602971,23574,elbow_flexion,Risky,Yes,3,,,,,,
603295,603295,603296,23586,sitting,Safe,No,0,,,,,,
603475,603475,603476,23598,sitting,Safe,No,0,,,,,,
603678,603678,603679,23610,sitting,Safe,No,0,,,,,,
603982,603982,603982,23622,sitting,Safe,No,0,,,,,,
604173,604173,604173,23634,sitting,Safe,No,0,,,,,,
604420,604420,604421,23646,sitting,Safe,No,0,,,,,,
604656,604656,604657,23658,sitting,Safe,No,0,,,,,,
604893,604893,604894,23670,sitting,Safe,No,0,,,,,,
605196,605196,605197,23682,sitting,Safe,No,0,,,,,,
605421,605422,605422,23694,sitting,Safe,No,0,,,,,,
605714,605714,605715,23706,sitting,Safe,No,0,,,,,,
605905,605905,605906,23718,sitting,Safe,No,0,,,,,,
606096,606096,606097,23730,sitting,Safe,No,0,,,,,,
606411,606412,606412,23742,sitting,Safe,No,0,,,,,,
606614,606614,606615,23754,sitting,Safe,No,0,,,,,,
606884,606884,606885,23766,sitting,Safe,No,0,,,,,,
607041,607041,607042,23778,sitting,Safe,No,0,,,,,,
607221,607222,607222,23790,sitting,Safe,No,0,,,,,,
607547,607548,607548,23802,sitting,Safe,No,0,,,,,,
607750,607750,607751,23814,sitting,Safe,No,0,,,,,,
608031,608031,608032,23826,sitting,Safe,No,0,,,,,,
608234,608234,608235,23838,sitting,Safe,No,0,,,,,,
608470,608470,608471,23850,elbow_flexion,Risky,No,1,,,,,,
608808,608808,608809,23862,sitting,Safe,No,0,,,,,,
609021,609022,609022,23874,sitting,Safe,No,0,,,,,,
609370,609370,609371,23886,sitting,Safe,No,0,,,,,,
609550,609550,609551,23898,sitting,Safe,No,0,,,,,,
609719,609719,609720,23910,sitting,Safe,No,0,,,,,,
610023,610023,610023,23922,elbow_flexion,Risky,No,1,,,,,,
610225,610225,610226,23934,elbow_flexion,Risky,No,2,,,,,,
610551,610552,610552,23946,elbow_flexion,Risky,Yes,3,,,,,,
610820,610820,610821,23958,elbow_flexion,Risky,Yes,4,,,,,,
611099,611099,611100,23970,elbow_flexion,Risky,Yes,5,,,,,,
611381,611382,611383,23982,elbow_flexion,Risky,Yes,6,,,,,,
611661,611661,611662,23994,elbow_flexion,Risky,Yes,7,,,,,,
611940,611940,611941,24006,elbow_flexion,Risky,Yes,8,,,,,,
612219,612220,612220,24018,elbow_flexion,Risky,Yes,9,,,,,,
612499,612499,612500,24030,shoulder_adduction,Risky,Yes,10,,,,,,
612779,612779,612780,24042,shoulder_adduction,Risky,Yes,11,,,,,,
613044,613044,613045,24054,sitting,Safe,No,0,,,,,,
613094,613094,613095,24066,elbow_flexion,Risky,No,1,,,,,,
613274,613274,613275,24078,elbow_flexion,Risky,No,2,,,,,,
613454,613454,613455,24090,elbow_flexion,Risky,Yes,3,,,,,,
613780,613780,613781,24102,elbow_flexion,Risky,Yes,4,,,,,,
614044,614044,614045,24114,elbow_flexion,Risky,Yes,5,,,,,,
614319,614319,614320,24126,elbow_flexion,Risky,Yes,6,,,,,,
614600,614600,614601,24138,elbow_flexion,Risky,Yes,7,,,,,,
614879,614879,614880,24150,elbow_flexion,Risky,Yes,8,,,,,,
615147,615147,615147,24162,elbow_flexion,Risky,Yes,9,,,,,,
615411,615411,615412,24174,elbow_flexion,Risky,Yes,10,,,,,,
615673,615673,615674,24186,elbow_flexion,Risky,Yes,11,,,,,,
615945,615945,615946,24198,elbow_flexion,Risky,Yes,12,,,,,,
616200,616200,616201,24210,elbow_flexion,Risky,Yes,13,,,,,,
616469,616469,616470,24222,elbow_flexion,Risky,Yes,14,,,,,,
616726,616726,616727,24234,elbow_flexion,Risky,Yes,15,,,,,,
617006,617007,617008,24246,elbow_flexion,Risky,Yes,16,,,,,,
617269,617269,617270,24258,elbow_flexion,Risky,Yes,17,,,,,,
617543,617543,617544,24270,standing,Safe,No,0,,,,,,
617560,617560,617561,24282,walking,Safe,No,0,,,,,,
617819,617819,617820,24294,walking,Safe,No,0,,,,,,
618100,618100,618101,24306,walking,Safe,No,0,,,,,,
618336,618336,618337,24318,shoulder_adduction,Risky,No,1,,,,,,
618516,618516,618517,24330,shoulder_adduction,Risky,No,2,,,,,,
618831,618832,618832,24342,shoulder_adduction,Risky,Yes,3,,,,,,
619090,619090,619091,24354,shoulder_adduction,Risky,Yes,4,,,,,,
619360,619360,619361,24366,sitting,Safe,No,0,,,,,,
619439,619439,619440,24378,sitting,Safe,No,0,,,,,,
619630,619630,619631,24390,sitting,Safe,No,0,,,,,,
619889,619889,619890,24402,sitting,Safe,No,0,,,,,,
620069,620069,620069,24414,sitting,Safe,No,0,,,,,,
620350,620350,620351,24426,sitting,Safe,No,0,,,,,,
620507,620508,620508,24438,sitting,Safe,No,0,,,,,,
620688,620688,620688,24450,sitting,Safe,No,0,,,,,,
620980,620980,620981,24462,sitting,Safe,No,0,,,,,,
621149,621149,621150,24474,sitting,Safe,No,0,,,,,,
621419,621419,621419,24486,sitting,Safe,No,0,,,,,,
621587,621588,621588,24498,sitting,Safe,No,0,,,,,,
621745,621745,621746,24510,sitting,Safe,No,0,,,,,,
621981,621981,621982,24522,elbow_flexion,Risky,No,1,,,,,,
622150,622150,622151,24534,elbow_flexion,Risky,No,2,,,,,,
622420,622420,622421,24546,elbow_flexion,Risky,Yes,3,,,,,,
622697,622698,622698,24558,elbow_flexion,Risky,Yes,4,,,,,,
622978,622978,622979,24570,elbow_flexion,Risky,Yes,5,,,,,,
623254,623255,623256,24582,elbow_flexion,Risky,Yes,6,,,,,,
623520,623520,623521,24594,elbow_flexion,Risky,Yes,7,,,,,,
623801,623801,623802,24606,elbow_flexion,Risky,Yes,8,,,,,,
624064,624064,624065,24618,elbow_flexion,Risky,Yes,9,,,,,,
624338,624338,624338,24630,elbow_flexion,Risky,Yes,10,,,,,,
624592,624593,624593,24642,elbow_flexion,Risky,Yes,11,,,,,,
624857,624857,624858,24654,elbow_flexion,Risky,Yes,12,,,,,,
625135,625135,625136,24666,shoulder_adduction,Risky,Yes,13,,,,,,
625400,625401,625401,24678,shoulder_adduction,Risky,Yes,14,,,,,,
625667,625667,625668,24690,shoulder_adduction,Risky,Yes,15,,,,,,
625928,625928,625929,24702,shoulder_adduction,Risky,Yes,16,,,,,,
626208,626208,626209,24714,shoulder_adduction,Risky,Yes,17,,,,,,
626473,626473,626474,24726,shoulder_adduction,Risky,Yes,18,,,,,,
626738,626738,626739,24738,elbow_flexion,Risky,Yes,19,,,,,,
627001,627001,627002,24750,elbow_flexion,Risky,Yes,20,,,,,,
627263,627263,627264,24762,elbow_flexion,Risky,Yes,21,,,,,,
627543,627543,627544,24774,elbow_flexion,Risky,Yes,22,,,,,,
627805,627805,627806,24786,shoulder_adduction,Risky,Yes,23,,,,,,
628070,628070,628071,24798,elbow_flexion,Risky,Yes,24,,,,,,
628333,628333,628334,24810,elbow_flexion,Risky,Yes,25,,,,,,
628598,628599,628599,24822,elbow_flexion,Risky,Yes,26,,,,,,
628863,628864,628865,24834,elbow_flexion,Risky,Yes,27,,,,,,
629136,629136,629137,24846,elbow_flexion,Risky,Yes,28,,,,,,
629393,629394,629394,24858,elbow_flexion,Risky,Yes,29,,,,,,
629658,629659,629659,24870,elbow_flexion,Risky,Yes,30,,,,,,
629920,629920,629921,24882,elbow_flexion,Risky,Yes,31,,,,,,
630185,630185,630186,24894,elbow_flexion,Risky,Yes,32,,,,,,
630448,630448,630449,24906,elbow_flexion,Risky,Yes,33,,,,,,
630712,630712,630713,24918,elbow_flexion,Risky,Yes,34,,,,,,
630978,630978,630979,24930,elbow_flexion,Risky,Yes,35,,,,,,
631242,631242,631242,24942,elbow_flexion,Risky,Yes,36,,,,,,
631505,631505,631506,24954,elbow_flexion,Risky,Yes,37,,,,,,
631770,631770,631771,24966,elbow_flexion,Risky,Yes,38,,,,,,
632034,632034,632035,24978,elbow_flexion,Risky,Yes,39,,,,,,
632295,632295,632296,24990,elbow_flexion,Risky,Yes,40,,,,,,
632557,632558,632558,25002,sitting,Safe,No,0,,,,,,
632558,632559,632559,25014,elbow_flexion,Risky,No,1,,,,,,
632559,632559,632560,25026,sitting,Safe,No,0,,,,,,
632560,632560,632561,25038,sitting,Safe,No,0,,,,,,
632561,632561,632561,25050,elbow_flexion,Risky,No,1,,,,,,
632562,632562,632562,25062,elbow_flexion,Risky,No,2,,,,,,
632573,632573,632573,25074,elbow_flexion,Risky,Yes,3,,,,,,
632838,632838,632839,25086,elbow_flexion,Risky,Yes,4,,,,,,
633103,633103,633104,25098,elbow_flexion,Risky,Yes,5,,,,,,
633367,633367,633368,25110,elbow_flexion,Risky,Yes,6,,,,,,
633630,633630,633631,25122,elbow_flexion,Risky,Yes,7,,,,,,
633894,633894,633894,25134,elbow_flexion,Risky,Yes,8,,,,,,
634155,634156,634156,25146,elbow_flexion,Risky,Yes,9,,,,,,
634420,634420,634421,25158,elbow_flexion,Risky,Yes,10,,,,,,
634680,634680,634681,25170,elbow_flexion,Risky,Yes,11,,,,,,
634944,634945,634946,25182,elbow_flexion,Risky,Yes,12,,,,,,
635211,635211,635212,25194,elbow_flexion,Risky,Yes,13,,,,,,
635475,635475,635476,25206,elbow_flexion,Risky,Yes,14,,,,,,
635742,635742,635743,25218,elbow_flexion,Risky,Yes,15,,,,,,
636005,636006,636007,25230,elbow_flexion,Risky,Yes,16,,,,,,
636271,636271,636272,25242,elbow_flexion,Risky,Yes,17,,,,,,
636537,636537,636538,25254,elbow_flexion,Risky,Yes,18,,,,,,
636799,636799,636800,25266,elbow_flexion,Risky,Yes,19,,,,,,
637060,637061,637061,25278,elbow_flexion,Risky,Yes,20,,,,,,
637324,637325,637325,25290,elbow_flexion,Risky,Yes,21,,,,,,
637586,637587,637587,25302,elbow_flexion,Risky,Yes,22,,,,,,
637849,637849,637849,25314,elbow_flexion,Risky,Yes,23,,,,,,
638114,638115,638115,25326,standing,Safe,No,0,,,,,,
638115,638116,638116,25338,standing,Safe,No,0,,,,,,
638116,638116,638117,25350,shoulder_adduction,Risky,No,1,,,,,,
638117,638117,638118,25362,shoulder_adduction,Risky,No,2,,,,,,
638118,638118,638118,25374,shoulder_adduction,Risky,Yes,3,,,,,,
638378,638378,638379,25386,shoulder_adduction,Risky,Yes,4,,,,,,
638643,638644,638645,25398,shoulder_adduction,Risky,Yes,5,,,,,,
638908,638909,638909,25410,shoulder_adduction,Risky,Yes,6,,,,,,
639174,639174,639175,25422,standing,Safe,No,0,,,,,,
639175,639175,639176,25434,standing,Safe,No,0,,,,,,
639176,639176,639177,25446,shoulder_adduction,Risky,No,1,,,,,,
639177,639177,639177,25458,shoulder_adduction,Risky,No,2,,,,,,
639177,639178,639178,25470,shoulder_adduction,Risky,Yes,3,,,,,,
639438,639438,639439,25482,shoulder_adduction,Risky,Yes,4,,,,,,
639700,639700,639701,25494,shoulder_adduction,Risky,Yes,5,,,,,,
639963,639964,639964,25506,shoulder_adduction,Risky,Yes,6,,,,,,
640227,640228,640229,25518,shoulder_adduction,Risky,Yes,7,,,,,,
640509,640509,640510,25530,shoulder_adduction,Risky,Yes,8,,,,,,
640774,640774,640775,25542,elbow_flexion,Risky,Yes,9,,,,,,
641037,641037,641038,25554,elbow_flexion,Risky,Yes,10,,,,,,
641302,641302,641303,25566,elbow_flexion,Risky,Yes,11,,,,,,
641565,641566,641566,25578,elbow_flexion,Risky,Yes,12,,,,,,
641831,641831,641832,25590,elbow_flexion,Risky,Yes,13,,,,,,
642097,642097,642098,25602,elbow_flexion,Risky,Yes,14,,,,,,
642362,642362,642363,25614,sitting,Safe,No,0,,,,,,
642377,642377,642378,25626,sitting,Safe,No,0,,,,,,
642378,642378,642379,25638,sitting,Safe,No,0,,,,,,
642379,642379,642380,25650,elbow_flexion,Risky,No,1,,,,,,
642380,642380,642380,25662,elbow_flexion,Risky,No,2,,,,,,
642381,642381,642381,25674,elbow_flexion,Risky,Yes,3,,,,,,
642643,642643,642643,25686,elbow_flexion,Risky,Yes,4,,,,,,
642908,642908,642909,25698,elbow_flexion,Risky,Yes,5,,,,,,
643172,643172,643173,25710,elbow_flexion,Risky,Yes,6,,,,,,
643440,643440,643441,25722,elbow_flexion,Risky,Yes,7,,,,,,
643697,643698,643698,25734,elbow_flexion,Risky,Yes,8,,,,,,
643963,643963,643964,25746,elbow_flexion,Risky,Yes,9,,,,,,
644228,644228,644229,25758,elbow_flexion,Risky,Yes,10,,,,,,
644491,644492,644492,25770,elbow_flexion,Risky,Yes,11,,,,,,
644772,644772,644773,25782,elbow_flexion,Risky,Yes,12,,,,,,
645035,645035,645035,25794,elbow_flexion,Risky,Yes,13,,,,,,
645299,645300,645301,25806,sitting,Safe,No,0,,,,,,
645301,645301,645302,25818,sitting,Safe,No,0,,,,,,
645302,645302,645302,25830,sitting,Safe,No,0,,,,,,
645303,645303,645303,25842,sitting,Safe,No,0,,,,,,
645303,645303,645304,25854,sitting,Safe,No,0,,,,,,
645314,645315,645315,25866,sitting,Safe,No,0,,,,,,
645316,645316,645316,25878,sitting,Safe,No,0,,,,,,
645316,645316,645317,25890,sitting,Safe,No,0,,,,,,
645516,645516,645517,25902,sitting,Safe,No,0,,,,,,
645685,645685,645685,25914,sitting,Safe,No,0,,,,,,
646022,646022,646023,25926,walking,Safe,No,0,,,,,,
646191,646191,646192,25938,walking,Safe,No,0,,,,,,
646360,646360,646361,25950,shoulder_adduction,Risky,No,1,,,,,,
646607,646607,646608,25962,shoulder_adduction,Risky,No,2,,,,,,
646787,646787,646788,25974,elbow_flexion,Risky,Yes,3,,,,,,
647050,647051,647051,25986,elbow_flexion,Risky,Yes,4,,,,,,
647326,647326,647327,25998,elbow_flexion,Risky,Yes,5,,,,,,
647597,647597,647598,26010,elbow_flexion,Risky,Yes,6,,,,,,
647854,647854,647855,26022,elbow_flexion,Risky,Yes,7,,,,,,
648131,648131,648132,26034,elbow_flexion,Risky,Yes,8,,,,,,
648397,648397,648398,26046,elbow_flexion,Risky,Yes,9,,,,,,
648668,648669,648669,26058,elbow_flexion,Risky,Yes,10,,,,,,
648924,648924,648925,26070,sitting,Safe,No,0,,,,,,
648930,648930,648931,26082,sitting,Safe,No,0,,,,,,
648931,648931,648932,26094,sitting,Safe,No,0,,,,,,
649195,649195,649195,26106,sitting,Safe,No,0,,,,,,
649363,649363,649364,26118,sitting,Safe,No,0,,,,,,
649532,649532,649533,26130,sitting,Safe,No,0,,,,,,
649802,649802,649803,26142,sitting,Safe,No,0,,,,,,
649971,649971,649971,26154,sitting,Safe,No,0,,,,,,
650230,650231,650231,26166,sitting,Safe,No,0,,,,,,
650398,650399,650399,26178,sitting,Safe,No,0,,,,,,
650567,650567,650568,26190,sitting,Safe,No,0,,,,,,
650814,650815,650815,26202,sitting,Safe,No,0,,,,,,
650983,650983,650984,26214,sitting,Safe,No,0,,,,,,
651265,651265,651265,26226,sitting,Safe,No,0,,,,,,
651478,651478,651479,26238,sitting,Safe,No,0,,,,,,
651647,651647,651648,26250,sitting,Safe,No,0,,,,,,
651928,651928,651929,26262,sitting,Safe,No,0,,,,,,
652097,652097,652098,26274,sitting,Safe,No,0,,,,,,
652356,652356,652356,26286,sitting,Safe,No,0,,,,,,
652525,652525,652525,26298,sitting,Safe,No,0,,,,,,
652682,652682,652683,26310,sitting,Safe,No,0,,,,,,
652974,652975,652975,26322,sitting,Safe,No,0,,,,,,
653132,653132,653133,26334,sitting,Safe,No,0,,,,,,
653368,653369,653369,26346,sitting,Safe,No,0,,,,,,
653571,653571,653572,26358,sitting,Safe,No,0,,,,,,
653728,653729,653729,26370,sitting,Safe,No,0,,,,,,
653976,653976,653977,26382,sitting,Safe,No,0,,,,,,
654167,654167,654168,26394,sitting,Safe,No,0,,,,,,
654426,654426,654427,26406,sitting,Safe,No,0,,,,,,
654594,654595,654595,26418,sitting,Safe,No,0,,,,,,
654763,654764,654764,26430,sitting,Safe,No,0,,,,,,
655000,655000,655001,26442,sitting,Safe,No,0,,,,,,
655157,655157,655158,26454,sitting,Safe,No,0,,,,,,
655404,655405,655405,26466,sitting,Safe,No,0,,,,,,
655573,655573,655574,26478,sitting,Safe,No,0,,,,,,
655764,655764,655765,26490,sitting,Safe,No,0,,,,,,
656068,656068,656069,26502,sitting,Safe,No,0,,,,,,
656226,656226,656226,26514,sitting,Safe,No,0,,,,,,
656474,656474,656474,26526,sitting,Safe,No,0,,,,,,
656653,656653,656654,26538,sitting,Safe,No,0,,,,,,
656833,656834,656834,26550,sitting,Safe,No,0,,,,,,
657114,657115,657115,26562,sitting,Safe,No,0,,,,,,
657272,657272,657273,26574,sitting,Safe,No,0,,,,,,
657519,657520,657520,26586,sitting,Safe,No,0,,,,,,
657677,657677,657678,26598,sitting,Safe,No,0,,,,,,
657846,657846,657847,26610,sitting,Safe,No,0,,,,,,
658116,658116,658116,26622,sitting,Safe,No,0,,,,,,
658307,658307,658308,26634,sitting,Safe,No,0,,,,,,
658554,658554,658555,26646,sitting,Safe,No,0,,,,,,
658746,658746,658746,26658,sitting,Safe,No,0,,,,,,
658914,658914,658915,26670,sitting,Safe,No,0,,,,,,
659184,659184,659185,26682,sitting,Safe,No,0,,,,,,
659353,659353,659354,26694,sitting,Safe,No,0,,,,,,
659601,659601,659602,26706,sitting,Safe,No,0,,,,,,
659758,659758,659759,26718,sitting,Safe,No,0,,,,,,
659938,659938,659939,26730,sitting,Safe,No,0,,,,,,
660208,660208,660209,26742,sitting,Safe,No,0,,,,,,
660366,660366,660367,26754,sitting,Safe,No,0,,,,,,
660658,660658,660659,26766,sitting,Safe,No,0,,,,,,
660816,660816,660817,26778,sitting,Safe,No,0,,,,,,
660996,660996,660997,26790,sitting,Safe,No,0,,,,,,
661243,661243,661244,26802,sitting,Safe,No,0,,,,,,
661412,661412,661413,26814,sitting,Safe,No,0,,,,,,
661671,661671,661672,26826,sitting,Safe,No,0,,,,,,
661839,661839,661840,26838,sitting,Safe,No,0,,,,,,
662031,662031,662032,26850,sitting,Safe,No,0,,,,,,
662278,662278,662279,26862,sitting,Safe,No,0,,,,,,
662447,662447,662448,26874,sitting,Safe,No,0,,,,,,
662694,662695,662695,26886,sitting,Safe,No,0,,,,,,
662874,662875,662875,26898,sitting,Safe,No,0,,,,,,
663032,663032,663033,26910,sitting,Safe,No,0,,,,,,
663279,663280,663280,26922,sitting,Safe,No,0,,,,,,
663471,663471,663472,26934,sitting,Safe,No,0,,,,,,
663763,663763,663764,26946,sitting,Safe,No,0,,,,,,
663921,663921,663921,26958,sitting,Safe,No,0,,,,,,
664078,664078,664079,26970,sitting,Safe,No,0,,,,,,
664337,664337,664338,26982,sitting,Safe,No,0,,,,,,
664528,664528,664529,26994,sitting,Safe,No,0,,,,,,
664775,664776,664776,27006,sitting,Safe,No,0,,,,,,
664933,664933,664934,27018,sitting,Safe,No,0,,,,,,
665091,665091,665091,27030,sitting,Safe,No,0,,,,,,
665327,665327,665328,27042,sitting,Safe,No,0,,,,,,
665496,665496,665497,27054,sitting,Safe,No,0,,,,,,
665765,665766,665766,27066,sitting,Safe,No,0,,,,,,
665945,665946,665946,27078,sitting,Safe,No,0,,,,,,
666126,666126,666126,27090,sitting,Safe,No,0,,,,,,
666384,666385,666385,27102,sitting,Safe,No,0,,,,,,
666553,666553,666554,27114,sitting,Safe,No,0,,,,,,
666801,666801,666801,27126,sitting,Safe,No,0,,,,,,
666958,666958,666959,27138,sitting,Safe,No,0,,,,,,
667149,667149,667150,27150,elbow_flexion,Risky,No,1,,,,,,
667386,667386,667386,27162,elbow_flexion,Risky,No,2,,,,,,
667565,667566,667566,27174,elbow_flexion,Risky,Yes,3,,,,,,
667845,667845,667846,27186,elbow_flexion,Risky,Yes,4,,,,,,
668125,668126,668127,27198,sitting,Safe,No,0,,,,,,
668150,668151,668151,27210,sitting,Safe,No,0,,,,,,
668398,668398,668399,27222,sitting,Safe,No,0,,,,,,
668578,668578,668579,27234,sitting,Safe,No,0,,,,,,
668837,668837,668838,27246,sitting,Safe,No,0,,,,,,
669028,669028,669029,27258,sitting,Safe,No,0,,,,,,
669208,669209,669209,27270,sitting,Safe,No,0,,,,,,
669489,669489,669490,27282,sitting,Safe,No,0,,,,,,
669669,669669,669670,27294,sitting,Safe,No,0,,,,,,
669928,669928,669929,27306,sitting,Safe,No,0,,,,,,
670130,670131,670131,27318,sitting,Safe,No,0,,,,,,
670288,670288,670289,27330,sitting,Safe,No,0,,,,,,
670581,670581,670581,27342,sitting,Safe,No,0,,,,,,
670749,670749,670750,27354,sitting,Safe,No,0,,,,,,
670997,670997,670998,27366,sitting,Safe,No,0,,,,,,
671165,671165,671166,27378,sitting,Safe,No,0,,,,,,
671334,671334,671335,27390,sitting,Safe,No,0,,,,,,
671615,671616,671616,27402,sitting,Safe,No,0,,,,,,
671807,671807,671808,27414,sitting,Safe,No,0,,,,,,
672077,672077,672078,27426,sitting,Safe,No,0,,,,,,
672234,672234,672235,27438,sitting,Safe,No,0,,,,,,
672403,672403,672404,27450,sitting,Safe,No,0,,,,,,
672650,672651,672651,27462,sitting,Safe,No,0,,,,,,
672808,672808,672809,27474,elbow_flexion,Risky,No,1,,,,,,
673055,673056,673056,27486,elbow_flexion,Risky,No,2,,,,,,
673213,673213,673214,27498,shoulder_adduction,Risky,Yes,3,,,,,,
673472,673472,673473,27510,shoulder_adduction,Risky,Yes,4,,,,,,
673748,673748,673749,27522,sitting,Safe,No,0,,,,,,
673787,673787,673788,27534,sitting,Safe,No,0,,,,,,
674045,674045,674046,27546,sitting,Safe,No,0,,,,,,
674214,674214,674215,27558,sitting,Safe,No,0,,,,,,
674394,674394,674395,27570,sitting,Safe,No,0,,,,,,
674653,674653,674654,27582,sitting,Safe,No,0,,,,,,
674822,674822,674822,27594,elbow_flexion,Risky,No,1,,,,,,
675080,675081,675081,27606,elbow_flexion,Risky,No,2,,,,,,
675238,675238,675239,27618,elbow_flexion,Risky,Yes,3,,,,,,
675513,675514,675515,27630,shoulder_adduction,Risky,Yes,4,,,,,,
675793,675794,675795,27642,sitting,Safe,No,0,,,,,,
675857,675857,675858,27654,sitting,Safe,No,0,,,,,,
676160,676161,676161,27666,sitting,Safe,No,0,,,,,,
676329,676329,676330,27678,sitting,Safe,No,0,,,,,,
676498,676498,676499,27690,shoulder_adduction,Risky,No,1,,,,,,
676779,676779,676780,27702,shoulder_adduction,Risky,No,2,,,,,,
676948,676948,676949,27714,shoulder_adduction,Risky,Yes,3,,,,,,
677222,677222,677223,27726,shoulder_adduction,Risky,Yes,4,,,,,,
677499,677499,677500,27738,sitting,Safe,No,0,,,,,,
677500,677501,677501,27750,sitting,Safe,No,0,,,,,,
677769,677769,677770,27762,sitting,Safe,No,0,,,,,,
677938,677938,677939,27774,sitting,Safe,No,0,,,,,,
678197,678197,678197,27786,sitting,Safe,No,0,,,,,,
678365,678365,678366,27798,sitting,Safe,No,0,,,,,,
678523,678523,678524,27810,sitting,Safe,No,0,,,,,,
678759,678759,678760,27822,sitting,Safe,No,0,,,,,,
678917,678917,678918,27834,sitting,Safe,No,0,,,,,,
679175,679175,679176,27846,sitting,Safe,No,0,,,,,,
679344,679344,679345,27858,sitting,Safe,No,0,,,,,,
679524,679524,679525,27870,sitting,Safe,No,0,,,,,,
679805,679806,679806,27882,shoulder_adduction,Risky,No,1,,,,,,
679985,679985,679986,27894,shoulder_adduction,Risky,No,2,,,,,,
680266,680267,680267,27906,shoulder_adduction,Risky,Yes,3,,,,,,
680545,680546,680546,27918,shoulder_adduction,Risky,Yes,4,,,,,,
680825,680825,680825,27930,shoulder_adduction,Risky,Yes,5,,,,,,
681102,681103,681104,27942,shoulder_adduction,Risky,Yes,6,,,,,,
681381,681382,681383,27954,walking,Safe,No,0,,,,,,
681392,681392,681393,27966,walking,Safe,No,0,,,,,,
681571,681572,681572,27978,walking,Safe,No,0,,,,,,
681763,681763,681764,27990,sitting,Safe,No,0,,,,,,
682022,682022,682022,28002,sitting,Safe,No,0,,,,,,
682179,682179,682180,28014,sitting,Safe,No,0,,,,,,
682427,682427,682427,28026,sitting,Safe,No,0,,,,,,
682618,682618,682619,28038,sitting,Safe,No,0,,,,,,
682787,682787,682787,28050,sitting,Safe,No,0,,,,,,
683034,683034,683035,28062,sitting,Safe,No,0,,,,,,
683214,683214,683215,28074,sitting,Safe,No,0,,,,,,
683450,683450,683451,28086,sitting,Safe,No,0,,,,,,
683641,683642,683642,28098,sitting,Safe,No,0,,,,,,
683799,683799,683800,28110,shoulder_adduction,Risky,No,1,,,,,,
684035,684036,684036,28122,sitting,Safe,No,0,,,,,,
684227,684227,684227,28134,sitting,Safe,No,0,,,,,,
684519,684519,684520,28146,shoulder_adduction,Risky,No,1,,,,,,
684688,684688,684689,28158,shoulder_adduction,Risky,No,2,,,,,,
684958,684958,684959,28170,shoulder_adduction,Risky,Yes,3,,,,,,
685217,685217,685218,28182,shoulder_adduction,Risky,Yes,4,,,,,,
685493,685494,685495,28194,shoulder_adduction,Risky,Yes,5,,,,,,
685773,685773,685774,28206,walking,Safe,No,0,,,,,,
685971,685971,685972,28218,walking,Safe,No,0,,,,,,
686184,686184,686185,28230,shoulder_adduction,Risky,No,1,,,,,,
686454,686454,686455,28242,walking,Safe,No,0,,,,,,
686657,686657,686657,28254,sitting,Safe,No,0,,,,,,
686904,686904,686905,28266,sitting,Safe,No,0,,,,,,
687062,687062,687063,28278,sitting,Safe,No,0,,,,,,
687219,687219,687220,28290,sitting,Safe,No,0,,,,,,
687455,687455,687456,28302,sitting,Safe,No,0,,,,,,
687613,687613,687613,28314,shoulder_adduction,Risky,No,1,,,,,,
687860,687860,687861,28326,shoulder_adduction,Risky,No,2,,,,,,
688018,688018,688019,28338,shoulder_adduction,Risky,Yes,3,,,,,,
688295,688295,688296,28350,shoulder_adduction,Risky,Yes,4,,,,,,
688575,688575,688576,28362,sitting,Safe,No,0,,,,,,
688591,688592,688592,28374,sitting,Safe,No,0,,,,,,
688839,688839,688840,28386,sitting,Safe,No,0,,,,,,
689008,689008,689009,28398,sitting,Safe,No,0,,,,,,
689165,689165,689166,28410,sitting,Safe,No,0,,,,,,
689401,689402,689402,28422,sitting,Safe,No,0,,,,,,
689570,689571,689571,28434,sitting,Safe,No,0,,,,,,
689806,689807,689807,28446,shoulder_adduction,Risky,No,1,,,,,,
689975,689976,689976,28458,shoulder_adduction,Risky,No,2,,,,,,
690167,690167,690167,28470,sitting,Safe,No,0,,,,,,
690459,690459,690460,28482,sitting,Safe,No,0,,,,,,
690684,690684,690685,28494,sitting,Safe,No,0,,,,,,
690931,690931,690932,28506,shoulder_adduction,Risky,No,1,,,,,,
691123,691123,691124,28518,shoulder_adduction,Risky,No,2,,,,,,
691303,691303,691304,28530,shoulder_adduction,Risky,Yes,3,,,,,,
691584,691584,691585,28542,shoulder_adduction,Risky,Yes,4,,,,,,
691851,691852,691853,28554,shoulder_adduction,Risky,Yes,5,,,,,,
692128,692129,692129,28566,shoulder_adduction,Risky,Yes,6,,,,,,
692406,692406,692407,28578,shoulder_adduction,Risky,Yes,7,,,,,,
692671,692671,692672,28590,shoulder_adduction,Risky,Yes,8,,,,,,
692939,692939,692939,28602,sitting,Safe,No,0,,,,,,
692940,692940,692940,28614,sitting,Safe,No,0,,,,,,
693058,693058,693059,28626,sitting,Safe,No,0,,,,,,
693238,693238,693238,28638,sitting,Safe,No,0,,,,,,
693418,693418,693419,28650,sitting,Safe,No,0,,,,,,
693665,693666,693666,28662,sitting,Safe,No,0,,,,,,
693834,693834,693835,28674,sitting,Safe,No,0,,,,,,
694081,694082,694082,28686,sitting,Safe,No,0,,,,,,
694273,694273,694274,28698,sitting,Safe,No,0,,,,,,
694442,694442,694442,28710,sitting,Safe,No,0,,,,,,
694711,694712,694712,28722,sitting,Safe,No,0,,,,,,
694869,694869,694870,28734,sitting,Safe,No,0,,,,,,
695139,695139,695140,28746,elbow_flexion,Risky,No,1,,,,,,
695297,695297,695297,28758,elbow_flexion,Risky,No,2,,,,,,
695510,695510,695511,28770,elbow_flexion,Risky,Yes,3,,,,,,
695769,695769,695770,28782,elbow_flexion,Risky,Yes,4,,,,,,
696042,696042,696043,28794,sitting,Safe,No,0,,,,,,
696163,696163,696163,28806,sitting,Safe,No,0,,,,,,
696343,696343,696343,28818,sitting,Safe,No,0,,,,,,
696534,696534,696535,28830,sitting,Safe,No,0,,,,,,
696793,696793,696793,28842,sitting,Safe,No,0,,,,,,
696961,696962,696962,28854,sitting,Safe,No,0,,,,,,
697209,697209,697210,28866,sitting,Safe,No,0,,,,,,
697378,697378,697378,28878,sitting,Safe,No,0,,,,,,
697546,697547,697547,28890,sitting,Safe,No,0,,,,,,
697805,697806,697806,28902,sitting,Safe,No,0,,,,,,
697997,697997,697998,28914,sitting,Safe,No,0,,,,,,
698255,698255,698256,28926,shoulder_adduction,Risky,No,1,,,,,,
698424,698424,698424,28938,shoulder_adduction,Risky,No,2,,,,,,
698593,698593,698594,28950,shoulder_adduction,Risky,Yes,3,,,,,,
698862,698863,698863,28962,shoulder_adduction,Risky,Yes,4,,,,,,
699144,699144,699145,28974,sitting,Safe,No,0,,,,,,
699313,699313,699314,28986,sitting,Safe,No,0,,,,,,
699493,699493,699493,28998,sitting,Safe,No,0,,,,,,
699684,699684,699685,29010,sitting,Safe,No,0,,,,,,
699954,699954,699955,29022,sitting,Safe,No,0,,,,,,
700145,700145,700146,29034,sitting,Safe,No,0,,,,,,
700426,700426,700427,29046,sitting,Safe,No,0,,,,,,
700606,700607,700607,29058,elbow_flexion,Risky,No,1,,,,,,
700820,700820,700821,29070,elbow_flexion,Risky,No,2,,,,,,
701067,701068,701068,29082,elbow_flexion,Risky,Yes,3,,,,,,
701343,701343,701344,29094,elbow_flexion,Risky,Yes,4,,,,,,
701624,701624,701625,29106,elbow_flexion,Risky,Yes,5,,,,,,
701904,701905,701906,29118,shoulder_adduction,Risky,Yes,6,,,,,,
702168,702168,702169,29130,shoulder_adduction,Risky,Yes,7,,,,,,
702447,702448,702449,29142,shoulder_adduction,Risky,Yes,8,,,,,,
702711,702711,702712,29154,shoulder_adduction,Risky,Yes,9,,,,,,
702990,702991,702992,29166,shoulder_adduction,Risky,Yes,10,,,,,,
703256,703257,703257,29178,shoulder_adduction,Risky,Yes,11,,,,,,
703520,703521,703522,29190,sitting,Safe,No,0,,,,,,
703525,703525,703526,29202,shoulder_adduction,Risky,No,1,,,,,,
703526,703526,703527,29214,shoulder_adduction,Risky,No,2,,,,,,
703531,703531,703532,29226,standing,Safe,No,0,,,,,,
703734,703734,703735,29238,standing,Safe,No,0,,,,,,
703914,703914,703915,29250,standing,Safe,No,0,,,,,,
704161,704161,704162,29262,standing,Safe,No,0,,,,,,
704341,704342,704342,29274,standing,Safe,No,0,,,,,,
704612,704612,704612,29286,elbow_flexion,Risky,No,1,,,,,,
704791,704792,704792,29298,standing,Safe,No,0,,,,,,
704949,704949,704950,29310,pronation,Safe,No,0,,,,,,
705185,705185,705186,29322,elbow_flexion,Risky,No,1,,,,,,
705354,705354,705354,29334,elbow_flexion,Risky,No,2,,,,,,
705601,705601,705602,29346,elbow_flexion,Risky,Yes,3,,,,,,
705860,705860,705861,29358,elbow_flexion,Risky,Yes,4,,,,,,
706138,706138,706139,29370,elbow_flexion,Risky,Yes,5,,,,,,
706411,706411,706412,29382,elbow_flexion,Risky,Yes,6,,,,,,
706666,706667,706668,29394,elbow_flexion,Risky,Yes,7,,,,,,
706946,706946,706947,29406,elbow_flexion,Risky,Yes,8,,,,,,
707210,707210,707211,29418,elbow_flexion,Risky,Yes,9,,,,,,
707474,707474,707475,29430,elbow_flexion,Risky,Yes,10,,,,,,
707740,707741,707741,29442,elbow_flexion,Risky,Yes,11,,,,,,
708003,708003,708004,29454,elbow_flexion,Risky,Yes,12,,,,,,
708265,708265,708266,29466,elbow_flexion,Risky,Yes,13,,,,,,
708540,708540,708541,29478,elbow_flexion,Risky,Yes,14,,,,,,
708797,708797,708798,29490,elbow_flexion,Risky,Yes,15,,,,,,
709063,709063,709064,29502,elbow_flexion,Risky,Yes,16,,,,,,
709329,709329,709330,29514,elbow_flexion,Risky,Yes,17,,,,,,
709608,709609,709610,29526,elbow_flexion,Risky,Yes,18,,,,,,
709873,709873,709874,29538,elbow_flexion,Risky,Yes,19,,,,,,
710137,710137,710138,29550,elbow_flexion,Risky,Yes,20,,,,,,
710400,710401,710401,29562,elbow_flexion,Risky,Yes,21,,,,,,
710664,710665,710665,29574,pronation,Safe,No,0,,,,,,
710679,710680,710681,29586,pronation,Safe,No,0,,,,,,
710681,710681,710682,29598,pronation,Safe,No,0,,,,,,
710682,710682,710682,29610,pronation,Safe,No,0,,,,,,
710682,710682,710683,29622,elbow_flexion,Risky,No,1,,,,,,
710698,710698,710698,29634,sitting,Safe,No,0,,,,,,
710945,710945,710946,29646,sitting,Safe,No,0,,,,,,
711103,711103,711103,29658,sitting,Safe,No,0,,,,,,
711282,711283,711283,29670,sitting,Safe,No,0,,,,,,
711530,711530,711531,29682,sitting,Safe,No,0,,,,,,
711699,711699,711700,29694,elbow_flexion,Risky,No,1,,,,,,
711991,711991,711992,29706,elbow_flexion,Risky,No,2,,,,,,
712160,712160,712161,29718,sitting,Safe,No,0,,,,,,
712328,712329,712329,29730,sitting,Safe,No,0,,,,,,
712655,712655,712656,29742,sitting,Safe,No,0,,,,,,
712835,712835,712836,29754,sitting,Safe,No,0,,,,,,
713094,713094,713095,29766,sitting,Safe,No,0,,,,,,
713274,713274,713275,29778,sitting,Safe,No,0,,,,,,
713431,713431,713432,29790,elbow_flexion,Risky,No,1,,,,,,
713713,713713,713714,29802,elbow_flexion,Risky,No,2,,,,,,
713870,713870,713871,29814,elbow_flexion,Risky,Yes,3,,,,,,
714140,714140,714141,29826,elbow_flexion,Risky,Yes,4,,,,,,
714399,714399,714400,29838,elbow_flexion,Risky,Yes,5,,,,,,
714669,714669,714669,29850,elbow_flexion,Risky,Yes,6,,,,,,
714938,714938,714939,29862,elbow_flexion,Risky,Yes,7,,,,,,
715202,715202,715202,29874,elbow_flexion,Risky,Yes,8,,,,,,
715467,715467,715468,29886,elbow_flexion,Risky,Yes,9,,,,,,
715728,715728,715729,29898,elbow_flexion,Risky,Yes,10,,,,,,
716006,716006,716007,29910,elbow_flexion,Risky,Yes,11,,,,,,
716270,716271,716272,29922,elbow_flexion,Risky,Yes,12,,,,,,
716549,716549,716550,29934,elbow_flexion,Risky,Yes,13,,,,,,
716815,716815,716816,29946,elbow_flexion,Risky,Yes,14,,,,,,
717079,717079,717080,29958,elbow_flexion,Risky,Yes,15,,,,,,
717357,717357,717358,29970,elbow_flexion,Risky,Yes,16,,,,,,
717622,717622,717623,29982,elbow_flexion,Risky,Yes,17,,,,,,
717889,717889,717890,29994,elbow_flexion,Risky,Yes,18,,,,,,
718167,718167,718168,30006,elbow_flexion,Risky,Yes,19,,,,,,
718432,718433,718433,30018,elbow_flexion,Risky,Yes,20,,,,,,
718695,718695,718696,30030,elbow_flexion,Risky,Yes,21,,,,,,
718947,718947,718948,30042,elbow_flexion,Risky,Yes,22,,,,,,
719214,719214,719214,30054,elbow_flexion,Risky,Yes,23,,,,,,
719476,719476,719477,30066,elbow_flexion,Risky,Yes,24,,,,,,
719739,719740,719741,30078,elbow_flexion,Risky,Yes,25,,,,,,
720003,720003,720004,30090,elbow_flexion,Risky,Yes,26,,,,,,
720269,720270,720270,30102,elbow_flexion,Risky,Yes,27,,,,,,
720549,720549,720550,30114,elbow_flexion,Risky,Yes,28,,,,,,
720802,720802,720803,30126,elbow_flexion,Risky,Yes,29,,,,,,
721064,721064,721065,30138,elbow_flexion,Risky,Yes,30,,,,,,
721325,721326,721326,30150,elbow_flexion,Risky,Yes,31,,,,,,
721589,721589,721590,30162,elbow_flexion,Risky,Yes,32,,,,,,
721855,721855,721856,30174,elbow_flexion,Risky,Yes,33,,,,,,
722121,722122,722122,30186,elbow_flexion,Risky,Yes,34,,,,,,
722383,722383,722384,30198,elbow_flexion,Risky,Yes,35,,,,,,
722646,722646,722647,30210,elbow_flexion,Risky,Yes,36,,,,,,
722910,722910,722911,30222,elbow_flexion,Risky,Yes,37,,,,,,
723175,723175,723176,30234,elbow_flexion,Risky,Yes,38,,,,,,
723427,723427,723428,30246,shoulder_adduction,Risky,Yes,39,,,,,,
723688,723688,723689,30258,shoulder_adduction,Risky,Yes,40,,,,,,
723950,723950,723951,30270,shoulder_adduction,Risky,Yes,41,,,,,,
724216,724216,724217,30282,shoulder_adduction,Risky,Yes,42,,,,,,
724478,724479,724479,30294,standing,Safe,No,0,,,,,,
724479,724480,724480,30306,standing,Safe,No,0,,,,,,
724481,724481,724481,30318,sitting,Safe,No,0,,,,,,
724481,724482,724482,30330,sitting,Safe,No,0,,,,,,
724482,724482,724483,30342,sitting,Safe,No,0,,,,,,
724483,724483,724483,30354,sitting,Safe,No,0,,,,,,
724484,724484,724484,30366,sitting,Safe,No,0,,,,,,
724484,724484,724485,30378,sitting,Safe,No,0,,,,,,
724485,724485,724486,30390,standing,Safe,No,0,,,,,,
724490,724490,724490,30402,standing,Safe,No,0,,,,,,
724491,724491,724491,30414,standing,Safe,No,0,,,,,,
724737,724737,724738,30426,standing,Safe,No,0,,,,,,
724917,724917,724918,30438,standing,Safe,No,0,,,,,,
725075,725075,725076,30450,standing,Safe,No,0,,,,,,
725322,725322,725323,30462,standing,Safe,No,0,,,,,,
725491,725491,725492,30474,standing,Safe,No,0,,,,,,
725761,725761,725762,30486,sitting,Safe,No,0,,,,,,
725919,725919,725919,30498,sitting,Safe,No,0,,,,,,
726087,726087,726088,30510,sitting,Safe,No,0,,,,,,
726369,726369,726370,30522,standing,Safe,No,0,,,,,,
726527,726527,726527,30534,standing,Safe,No,0,,,,,,
726762,726762,726763,30546,standing,Safe,No,0,,,,,,
726931,726931,726932,30558,standing,Safe,No,0,,,,,,
727088,727089,727089,30570,sitting,Safe,No,0,,,,,,
727358,727359,727359,30582,sitting,Safe,No,0,,,,,,
727538,727539,727539,30594,sitting,Safe,No,0,,,,,,
727820,727820,727820,30606,sitting,Safe,No,0,,,,,,
727977,727977,727978,30618,sitting,Safe,No,0,,,,,,
728146,728146,728147,30630,sitting,Safe,No,0,,,,,,
728439,728439,728439,30642,sitting,Safe,No,0,,,,,,
728618,728619,728619,30654,sitting,Safe,No,0,,,,,,
728855,728855,728856,30666,sitting,Safe,No,0,,,,,,
729012,729012,729013,30678,standing,Safe,No,0,,,,,,
729181,729181,729182,30690,standing,Safe,No,0,,,,,,
729440,729440,729440,30702,standing,Safe,No,0,,,,,,
729597,729597,729598,30714,standing,Safe,No,0,,,,,,
729833,729834,729834,30726,standing,Safe,No,0,,,,,,
730036,730037,730037,30738,standing,Safe,No,0,,,,,,
730205,730205,730206,30750,standing,Safe,No,0,,,,,,
730463,730464,730464,30762,elbow_flexion,Risky,No,1,,,,,,
730621,730621,730622,30774,elbow_flexion,Risky,No,2,,,,,,
730868,730869,730869,30786,elbow_flexion,Risky,Yes,3,,,,,,
731143,731144,731145,30798,elbow_flexion,Risky,Yes,4,,,,,,
731414,731414,731415,30810,elbow_flexion,Risky,Yes,5,,,,,,
731689,731689,731690,30822,elbow_flexion,Risky,Yes,6,,,,,,
731951,731952,731952,30834,elbow_flexion,Risky,Yes,7,,,,,,
732222,732222,732223,30846,standing,Safe,No,0,,,,,,
732223,732223,732224,30858,standing,Safe,No,0,,,,,,
732230,732230,732230,30870,standing,Safe,No,0,,,,,,
732500,732500,732501,30882,elbow_flexion,Risky,No,1,,,,,,
732691,732691,732692,30894,elbow_flexion,Risky,No,2,,,,,,
732938,732939,732939,30906,elbow_flexion,Risky,Yes,3,,,,,,
733208,733209,733209,30918,elbow_flexion,Risky,Yes,4,,,,,,
733488,733488,733489,30930,shoulder_adduction,Risky,Yes,5,,,,,,
733767,733767,733768,30942,shoulder_adduction,Risky,Yes,6,,,,,,
734032,734033,734033,30954,shoulder_adduction,Risky,Yes,7,,,,,,
734311,734311,734312,30966,shoulder_adduction,Risky,Yes,8,,,,,,
734576,734576,734577,30978,shoulder_adduction,Risky,Yes,9,,,,,,
734842,734842,734843,30990,shoulder_adduction,Risky,Yes,10,,,,,,
735110,735110,735111,31002,shoulder_adduction,Risky,Yes,11,,,,,,
735371,735371,735372,31014,standing,Safe,No,0,,,,,,
735372,735372,735373,31026,shoulder_adduction,Risky,No,1,,,,,,
735373,735373,735374,31038,elbow_flexion,Risky,No,2,,,,,,
735385,735386,735386,31050,elbow_flexion,Risky,Yes,3,,,,,,
735664,735664,735665,31062,elbow_flexion,Risky,Yes,4,,,,,,
735931,735931,735932,31074,elbow_flexion,Risky,Yes,5,,,,,,
736190,736190,736191,31086,sitting,Safe,No,0,,,,,,
736205,736205,736206,31098,sitting,Safe,No,0,,,,,,
736269,736269,736269,31110,elbow_flexion,Risky,No,1,,,,,,
736527,736527,736528,31122,elbow_flexion,Risky,No,2,,,,,,
736696,736696,736697,31134,elbow_flexion,Risky,Yes,3,,,,,,
736955,736955,736955,31146,elbow_flexion,Risky,Yes,4,,,,,,
737219,737219,737219,31158,sitting,Safe,No,0,,,,,,
737303,737304,737304,31170,sitting,Safe,No,0,,,,,,
737573,737574,737574,31182,sitting,Safe,No,0,,,,,,
737742,737742,737743,31194,sitting,Safe,No,0,,,,,,
737978,737979,737979,31206,sitting,Safe,No,0,,,,,,
738159,738159,738159,31218,sitting,Safe,No,0,,,,,,
738316,738316,738317,31230,sitting,Safe,No,0,,,,,,
738563,738564,738564,31242,sitting,Safe,No,0,,,,,,
738732,738732,738733,31254,sitting,Safe,No,0,,,,,,
738991,738991,738992,31266,sitting,Safe,No,0,,,,,,
739148,739148,739149,31278,sitting,Safe,No,0,,,,,,
739317,739317,739318,31290,sitting,Safe,No,0,,,,,,
739554,739554,739555,31302,sitting,Safe,No,0,,,,,,
739722,739722,739723,31314,sitting,Safe,No,0,,,,,,
740015,740015,740015,31326,sitting,Safe,No,0,,,,,,
740172,740173,740173,31338,sitting,Safe,No,0,,,,,,
740352,740352,740353,31350,sitting,Safe,No,0,,,,,,
740611,740611,740612,31362,sitting,Safe,No,0,,,,,,
740780,740780,740780,31374,sitting,Safe,No,0,,,,,,
741050,741050,741050,31386,sitting,Safe,No,0,,,,,,
741229,741230,741230,31398,sitting,Safe,No,0,,,,,,
741398,741398,741399,31410,sitting,Safe,No,0,,,,,,
741668,741668,741669,31422,sitting,Safe,No,0,,,,,,
741837,741837,741838,31434,sitting,Safe,No,0,,,,,,
742096,742096,742097,31446,sitting,Safe,No,0,,,,,,
742276,742276,742277,31458,sitting,Safe,No,0,,,,,,
742456,742456,742456,31470,sitting,Safe,No,0,,,,,,
742726,742726,742726,31482,sitting,Safe,No,0,,,,,,
742906,742906,742907,31494,sitting,Safe,No,0,,,,,,
743153,743154,743154,31506,sitting,Safe,No,0,,,,,,
743322,743322,743323,31518,sitting,Safe,No,0,,,,,,
743502,743502,743503,31530,sitting,Safe,No,0,,,,,,
743750,743750,743750,31542,sitting,Safe,No,0,,,,,,
743918,743918,743919,31554,sitting,Safe,No,0,,,,,,
744155,744155,744156,31566,sitting,Safe,No,0,,,,,,
744323,744323,744324,31578,sitting,Safe,No,0,,,,,,
744492,744492,744493,31590,sitting,Safe,No,0,,,,,,
744818,744818,744819,31602,sitting,Safe,No,0,,,,,,
745010,745010,745010,31614,sitting,Safe,No,0,,,,,,
745302,745302,745303,31626,sitting,Safe,No,0,,,,,,
745471,745471,745472,31638,shoulder_adduction,Risky,No,1,,,,,,
745628,745629,745629,31650,sitting,Safe,No,0,,,,,,
745876,745876,745876,31662,sitting,Safe,No,0,,,,,,
746033,746033,746034,31674,sitting,Safe,No,0,,,,,,
746292,746292,746293,31686,sitting,Safe,No,0,,,,,,
746472,746472,746473,31698,sitting,Safe,No,0,,,,,,
746630,746630,746630,31710,sitting,Safe,No,0,,,,,,
746866,746866,746866,31722,sitting,Safe,No,0,,,,,,
747023,747023,747024,31734,shoulder_adduction,Risky,No,1,,,,,,
747271,747271,747272,31746,shoulder_adduction,Risky,No,2,,,,,,
747428,747429,747429,31758,shoulder_adduction,Risky,Yes,3,,,,,,
747699,747700,747700,31770,shoulder_adduction,Risky,Yes,4,,,,,,
747979,747979,747980,31782,shoulder_adduction,Risky,Yes,5,,,,,,
748249,748250,748250,31794,shoulder_adduction,Risky,Yes,6,,,,,,
748509,748509,748510,31806,shoulder_adduction,Risky,Yes,7,,,,,,
748787,748787,748788,31818,shoulder_adduction,Risky,Yes,8,,,,,,
749053,749053,749054,31830,sitting,Safe,No,0,,,,,,
749068,749068,749069,31842,shoulder_adduction,Risky,No,1,,,,,,
749070,749070,749071,31854,sitting,Safe,No,0,,,,,,
749285,749285,749285,31866,shoulder_adduction,Risky,No,1,,,,,,
749465,749465,749465,31878,shoulder_adduction,Risky,No,2,,,,,,
749892,749892,749893,31890,shoulder_adduction,Risky,Yes,3,,,,,,
750342,750342,750343,31902,shoulder_adduction,Risky,Yes,4,,,,,,
750619,750619,750620,31914,shoulder_adduction,Risky,Yes,5,,,,,,
751096,751096,751097,31926,shoulder_adduction,Risky,Yes,6,,,,,,
751433,751433,751434,31938,sitting,Safe,No,0,,,,,,
751838,751839,751839,31950,shoulder_adduction,Risky,No,1,,,,,,
752299,752300,752300,31962,shoulder_adduction,Risky,No,2,,,,,,
752614,752615,752615,31974,shoulder_adduction,Risky,Yes,3,,,,,,
753177,753177,753178,31986,pronation,Safe,No,0,,,,,,
753436,753436,753437,31998,pronation,Safe,No,0,,,,,,
753627,753627,753628,32010,pronation,Safe,No,0,,,,,,
753987,753987,753988,32022,pronation,Safe,No,0,,,,,,
754257,754257,754258,32034,pronation,Safe,No,0,,,,,,
754549,754549,754550,32046,pronation,Safe,No,0,,,,,,
754729,754730,754730,32058,elbow_flexion,Risky,No,1,,,,,,
754943,754944,754944,32070,elbow_flexion,Risky,No,2,,,,,,
755281,755281,755281,32082,elbow_flexion,Risky,Yes,3,,,,,,
755641,755641,755641,32094,elbow_flexion,Risky,Yes,4,,,,,,
756001,756001,756002,32106,elbow_flexion,Risky,Yes,5,,,,,,
756272,756272,756273,32118,elbow_flexion,Risky,Yes,6,,,,,,
756552,756552,756553,32130,sitting,Safe,No,0,,,,,,
756732,756732,756733,32142,pronation,Safe,No,0,,,,,,
756923,756923,756924,32154,pronation,Safe,No,0,,,,,,
757216,757216,757216,32166,walking,Safe,No,0,,,,,,
757418,757418,757419,32178,standing,Safe,No,0,,,,,,
757632,757632,757633,32190,standing,Safe,No,0,,,,,,
757880,757880,757880,32202,standing,Safe,No,0,,,,,,
758082,758082,758083,32214,standing,Safe,No,0,,,,,,
758341,758341,758342,32226,standing,Safe,No,0,,,,,,
758532,758532,758532,32238,standing,Safe,No,0,,,,,,
758712,758712,758713,32250,standing,Safe,No,0,,,,,,
759027,759027,759028,32262,standing,Safe,No,0,,,,,,
759252,759252,759253,32274,shoulder_adduction,Risky,No,1,,,,,,
759792,759792,759793,32286,shoulder_adduction,Risky,No,2,,,,,,
760006,760006,760007,32298,shoulder_adduction,Risky,Yes,3,,,,,,
760388,760388,760389,32310,shoulder_adduction,Risky,Yes,4,,,,,,
760928,760928,760929,32322,shoulder_adduction,Risky,Yes,5,,,,,,
761479,761480,761480,32334,shoulder_adduction,Risky,Yes,6,,,,,,
762177,762177,762178,32346,shoulder_adduction,Risky,Yes,7,,,,,,
762683,762683,762684,32358,shoulder_adduction,Risky,Yes,8,,,,,,
762958,762959,762960,32370,standing,Safe,No,0,,,,,,
763223,763223,763224,32382,shoulder_adduction,Risky,No,1,,,,,,
763504,763504,763505,32394,shoulder_adduction,Risky,No,2,,,,,,
764146,764146,764146,32406,shoulder_adduction,Risky,Yes,3,,,,,,
764438,764438,764439,32418,shoulder_adduction,Risky,Yes,4,,,,,,
765023,765023,765024,32430,walking,Safe,No,0,,,,,,
765574,765575,765575,32442,shoulder_adduction,Risky,No,1,,,,,,
765810,765811,765811,32454,shoulder_adduction,Risky,No,2,,,,,,
766159,766159,766160,32466,walking,Safe,No,0,,,,,,
766362,766362,766363,32478,walking,Safe,No,0,,,,,,
766564,766564,766565,32490,elbow_flexion,Risky,No,1,,,,,,
766846,766846,766846,32502,elbow_flexion,Risky,No,2,,,,,,
767093,767093,767094,32514,elbow_flexion,Risky,Yes,3,,,,,,
767385,767386,767386,32526,elbow_flexion,Risky,Yes,4,,,,,,
767659,767659,767660,32538,elbow_flexion,Risky,Yes,5,,,,,,
767939,767939,767940,32550,elbow_flexion,Risky,Yes,6,,,,,,
768213,768213,768214,32562,elbow_flexion,Risky,Yes,7,,,,,,
768484,768484,768485,32574,elbow_flexion,Risky,Yes,8,,,,,,
768762,768763,768763,32586,elbow_flexion,Risky,Yes,9,,,,,,
769039,769040,769040,32598,elbow_flexion,Risky,Yes,10,,,,,,
769306,769306,769307,32610,elbow_flexion,Risky,Yes,11,,,,,,
769585,769585,769586,32622,elbow_flexion,Risky,Yes,12,,,,,,
769848,769848,769849,32634,elbow_flexion,Risky,Yes,13,,,,,,
770114,770114,770115,32646,elbow_flexion,Risky,Yes,14,,,,,,
770376,770376,770377,32658,elbow_flexion,Risky,Yes,15,,,,,,
770654,770654,770655,32670,elbow_flexion,Risky,Yes,16,,,,,,
770918,770918,770919,32682,elbow_flexion,Risky,Yes,17,,,,,,
771198,771199,771200,32694,elbow_flexion,Risky,Yes,18,,,,,,
771463,771463,771464,32706,elbow_flexion,Risky,Yes,19,,,,,,
771743,771744,771745,32718,elbow_flexion,Risky,Yes,20,,,,,,
772008,772008,772009,32730,elbow_flexion,Risky,Yes,21,,,,,,
772269,772270,772270,32742,elbow_flexion,Risky,Yes,22,,,,,,
772550,772550,772551,32754,elbow_flexion,Risky,Yes,23,,,,,,
772814,772814,772815,32766,elbow_flexion,Risky,Yes,24,,,,,,
773079,773079,773080,32778,elbow_flexion,Risky,Yes,25,,,,,,
773358,773358,773359,32790,elbow_flexion,Risky,Yes,26,,,,,,
773622,773622,773623,32802,sitting,Safe,No,0,,,,,,
773623,773623,773624,32814,sitting,Safe,No,0,,,,,,
773637,773638,773639,32826,sitting,Safe,No,0,,,,,,
773639,773639,773640,32838,sitting,Safe,No,0,,,,,,
773764,773764,773765,32850,elbow_flexion,Risky,No,1,,,,,,
774034,774034,774035,32862,elbow_flexion,Risky,No,2,,,,,,
774214,774214,774215,32874,elbow_flexion,Risky,Yes,3,,,,,,
774488,774489,774490,32886,elbow_flexion,Risky,Yes,4,,,,,,
774769,774770,774770,32898,elbow_flexion,Risky,Yes,5,,,,,,
775047,775047,775047,32910,elbow_flexion,Risky,Yes,6,,,,,,
775327,775327,775328,32922,elbow_flexion,Risky,Yes,7,,,,,,
775603,775603,775604,32934,elbow_flexion,Risky,Yes,8,,,,,,
775885,775885,775886,32946,elbow_flexion,Risky,Yes,9,,,,,,
776166,776166,776167,32958,elbow_flexion,Risky,Yes,10,,,,,,
776447,776447,776448,32970,elbow_flexion,Risky,Yes,11,,,,,,
776723,776723,776724,32982,sitting,Safe,No,0,,,,,,
776847,776847,776847,32994,sitting,Safe,No,0,,,,,,
777139,777139,777140,33006,elbow_flexion,Risky,No,1,,,,,,
777375,777376,777376,33018,elbow_flexion,Risky,No,2,,,,,,
777623,777623,777624,33030,elbow_flexion,Risky,Yes,3,,,,,,
777994,777995,777995,33042,elbow_flexion,Risky,Yes,4,,,,,,
778266,778266,778267,33054,sitting,Safe,No,0,,,,,,
778579,778579,778580,33066,sitting,Safe,No,0,,,,,,
778748,778748,778749,33078,sitting,Safe,No,0,,,,,,
779006,779007,779007,33090,elbow_flexion,Risky,No,1,,,,,,
779333,779333,779333,33102,sitting,Safe,No,0,,,,,,
779502,779502,779502,33114,sitting,Safe,No,0,,,,,,
779772,779772,779772,33126,sitting,Safe,No,0,,,,,,
779974,779974,779975,33138,sitting,Safe,No,0,,,,,,
780188,780188,780189,33150,sitting,Safe,No,0,,,,,,
780548,780548,780548,33162,sitting,Safe,No,0,,,,,,
780728,780728,780729,33174,sitting,Safe,No,0,,,,,,
781065,781066,781066,33186,elbow_flexion,Risky,No,1,,,,,,
781392,781392,781393,33198,elbow_flexion,Risky,No,2,,,,,,
781661,781662,781662,33210,elbow_flexion,Risky,Yes,3,,,,,,
782010,782010,782011,33222,elbow_flexion,Risky,Yes,4,,,,,,
782292,782292,782293,33234,elbow_flexion,Risky,Yes,5,,,,,,
782569,782569,782570,33246,sitting,Safe,No,0,,,,,,
782663,782663,782664,33258,sitting,Safe,No,0,,,,,,
782876,782877,782877,33270,sitting,Safe,No,0,,,,,,
783146,783147,783147,33282,sitting,Safe,No,0,,,,,,
783349,783349,783350,33294,sitting,Safe,No,0,,,,,,
783686,783687,783687,33306,sitting,Safe,No,0,,,,,,
783934,783934,783935,33318,sitting,Safe,No,0,,,,,,
784181,784182,784182,33330,sitting,Safe,No,0,,,,,,
784553,784553,784554,33342,sitting,Safe,No,0,,,,,,
784789,784789,784790,33354,sitting,Safe,No,0,,,,,,
785082,785082,785082,33366,sitting,Safe,No,0,,,,,,
785261,785262,785262,33378,sitting,Safe,No,0,,,,,,
785430,785431,785431,33390,sitting,Safe,No,0,,,,,,
785678,785678,785679,33402,sitting,Safe,No,0,,,,,,
785869,785869,785870,33414,sitting,Safe,No,0,,,,,,
786128,786128,786128,33426,sitting,Safe,No,0,,,,,,
786307,786308,786308,33438,sitting,Safe,No,0,,,,,,
786477,786477,786477,33450,sitting,Safe,No,0,,,,,,
786758,786758,786758,33462,sitting,Safe,No,0,,,,,,
786949,786949,786950,33474,sitting,Safe,No,0,,,,,,
787197,787197,787197,33486,sitting,Safe,No,0,,,,,,
787354,787354,787355,33498,sitting,Safe,No,0,,,,,,
787545,787545,787546,33510,sitting,Safe,No,0,,,,,,
787838,787838,787838,33522,sitting,Safe,No,0,,,,,,
788006,788006,788007,33534,sitting,Safe,No,0,,,,,,
788265,788265,788266,33546,sitting,Safe,No,0,,,,,,
788434,788434,788435,33558,sitting,Safe,No,0,,,,,,
788603,788603,788603,33570,sitting,Safe,No,0,,,,,,
788861,788861,788862,33582,sitting,Safe,No,0,,,,,,
789030,789030,789031,33594,sitting,Safe,No,0,,,,,,
789311,789312,789312,33606,sitting,Safe,No,0,,,,,,
789514,789514,789515,33618,sitting,Safe,No,0,,,,,,
789716,789717,789717,33630,sitting,Safe,No,0,,,,,,
790009,790009,790010,33642,sitting,Safe,No,0,,,,,,
